-- MySQL dump 10.13  Distrib 5.7.21, for Win64 (x86_64)
--
-- Host: localhost    Database: crowdfunding
-- ------------------------------------------------------
-- Server version	5.7.21-log

/*!40101 SET @OLD_CHARACTER_SET_CLIENT=@@CHARACTER_SET_CLIENT */;
/*!40101 SET @OLD_CHARACTER_SET_RESULTS=@@CHARACTER_SET_RESULTS */;
/*!40101 SET @OLD_COLLATION_CONNECTION=@@COLLATION_CONNECTION */;
/*!40101 SET NAMES utf8 */;
/*!40103 SET @OLD_TIME_ZONE=@@TIME_ZONE */;
/*!40103 SET TIME_ZONE='+00:00' */;
/*!40014 SET @OLD_UNIQUE_CHECKS=@@UNIQUE_CHECKS, UNIQUE_CHECKS=0 */;
/*!40014 SET @OLD_FOREIGN_KEY_CHECKS=@@FOREIGN_KEY_CHECKS, FOREIGN_KEY_CHECKS=0 */;
/*!40101 SET @OLD_SQL_MODE=@@SQL_MODE, SQL_MODE='NO_AUTO_VALUE_ON_ZERO' */;
/*!40111 SET @OLD_SQL_NOTES=@@SQL_NOTES, SQL_NOTES=0 */;

set names utf8;
drop database if exit `crowdfunding`;
create database if not exits `crowdfunding`;
use `crowdfunding`;

--
-- Table structure for table `advice`
--

DROP TABLE IF EXISTS `advice`;
/*!40101 SET @saved_cs_client     = @@character_set_client */;
/*!40101 SET character_set_client = utf8 */;
CREATE TABLE `advice` (
  `id` int(10) unsigned NOT NULL AUTO_INCREMENT,
  `uid` int(10) unsigned NOT NULL,
  `info` varchar(255) NOT NULL,
  `time` datetime NOT NULL DEFAULT CURRENT_TIMESTAMP,
  PRIMARY KEY (`id`),
  KEY `fk_advice_uid` (`uid`),
  CONSTRAINT `advice_ibfk_1` FOREIGN KEY (`uid`) REFERENCES `user` (`id`)
) ENGINE=InnoDB DEFAULT CHARSET=utf8 ROW_FORMAT=DYNAMIC;
/*!40101 SET character_set_client = @saved_cs_client */;

--
-- Dumping data for table `advice`
--

LOCK TABLES `advice` WRITE;
/*!40000 ALTER TABLE `advice` DISABLE KEYS */;
/*!40000 ALTER TABLE `advice` ENABLE KEYS */;
UNLOCK TABLES;

--
-- Table structure for table `comment`
--

DROP TABLE IF EXISTS `comment`;
/*!40101 SET @saved_cs_client     = @@character_set_client */;
/*!40101 SET character_set_client = utf8 */;
CREATE TABLE `comment` (
  `id` int(10) unsigned NOT NULL AUTO_INCREMENT,
  `project_id` int(10) unsigned NOT NULL,
  `user_id` int(10) unsigned NOT NULL,
  `content` varchar(140) NOT NULL,
  `time` datetime NOT NULL DEFAULT CURRENT_TIMESTAMP,
  PRIMARY KEY (`id`),
  KEY `fk_uid` (`user_id`),
  KEY `fk_pid` (`project_id`),
  CONSTRAINT `comment_ibfk_1` FOREIGN KEY (`project_id`) REFERENCES `project` (`id`),
  CONSTRAINT `comment_ibfk_2` FOREIGN KEY (`user_id`) REFERENCES `user` (`id`)
) ENGINE=InnoDB AUTO_INCREMENT=141 DEFAULT CHARSET=utf8 ROW_FORMAT=DYNAMIC;
/*!40101 SET character_set_client = @saved_cs_client */;

--
-- Dumping data for table `comment`
--

LOCK TABLES `comment` WRITE;
/*!40000 ALTER TABLE `comment` DISABLE KEYS */;
INSERT INTO `comment` VALUES (1,5,73,'Keep Fighting!','2018-07-11 00:00:00'),(2,2,59,'大爱无疆，支持一波！','2018-07-11 00:00:00'),(4,18,4,'Keep Fighting!','2018-07-11 00:00:00'),(5,9,9,'坚持下去，会有更好的明天。','2018-07-11 00:00:00'),(6,18,1,'Keep Fighting!','2018-07-11 00:00:00'),(8,21,2,'加油哦，我看好你。','2018-07-11 00:00:00'),(9,18,8,'加油哦，我看好你。','2018-07-11 00:00:00'),(10,22,3,'加油哦，我看好你。','2018-07-11 00:00:00'),(11,5,1,'666','2018-07-11 00:00:00'),(13,25,8,'加油哦，我看好你。','2018-07-11 00:00:00'),(14,24,8,'加油哦，我看好你。','2018-07-11 00:00:00'),(15,20,4,'坚持下去，会有更好的明天。','2018-07-11 00:00:00'),(16,24,5,'大爱无疆，支持一波！','2018-07-11 00:00:00'),(17,22,6,'加油哦，我看好你。','2018-07-11 00:00:00'),(18,23,6,'加油哦，我看好你。','2018-07-11 00:00:00'),(20,25,9,'坚持下去，会有更好的明天。','2018-07-11 00:00:00'),(21,21,6,'加油哦，我看好你。','2018-07-11 00:00:00'),(22,26,7,'加油哦，我看好你。','2018-07-11 00:00:00'),(23,20,7,'Keep Fighting!','2018-07-11 00:00:00'),(24,23,1,'Keep Fighting!','2018-07-11 00:00:00'),(25,25,3,'坚持下去，会有更好的明天。','2018-07-11 00:00:00'),(26,21,3,'加油哦，我看好你。','2018-07-11 00:00:00'),(27,22,6,'坚持下去，会有更好的明天。','2018-07-11 00:00:00'),(28,24,5,'加油哦，我看好你。','2018-07-11 00:00:00'),(29,25,6,'坚持下去，会有更好的明天。','2018-07-11 00:00:00'),(30,25,7,'坚持下去，会有更好的明天。','2018-07-11 00:00:00'),(32,25,6,'Keep Fighting!','2018-07-11 00:00:00'),(33,20,7,'Keep Fighting!','2018-07-11 00:00:00'),(36,23,5,'666','2018-07-11 00:00:00'),(38,21,9,'坚持下去，会有更好的明天。','2018-07-11 00:00:00'),(39,24,1,'大爱无疆，支持一波！','2018-07-11 00:00:00'),(40,26,9,'Keep Fighting!','2018-07-11 00:00:00'),(41,22,4,'加油哦，我看好你。','2018-07-11 00:00:00'),(42,26,6,'Keep Fighting!','2018-07-11 00:00:00'),(43,23,5,'大爱无疆，支持一波！','2018-07-11 00:00:00'),(44,26,2,'666','2018-07-11 00:00:00'),(45,24,3,'大爱无疆，支持一波！','2018-07-11 00:00:00'),(46,20,3,'加油哦，我看好你。','2018-07-11 00:00:00'),(47,22,3,'Keep Fighting!','2018-07-11 00:00:00'),(48,24,2,'Keep Fighting!','2018-07-11 00:00:00'),(49,25,2,'Keep Fighting!','2018-07-11 00:00:00'),(51,23,4,'666','2018-07-11 00:00:00'),(52,23,7,'大爱无疆，支持一波！','2018-07-11 00:00:00'),(53,24,5,'加油哦，我看好你。','2018-07-11 00:00:00'),(54,25,6,'坚持下去，会有更好的明天。','2018-07-11 00:00:00'),(55,25,6,'Keep Fighting!','2018-07-11 00:00:00'),(56,26,4,'666','2018-07-11 00:00:00'),(57,26,8,'大爱无疆，支持一波！','2018-07-11 00:00:00'),(59,24,7,'加油哦，我看好你。','2018-07-11 00:00:00'),(60,24,8,'加油哦，我看好你。','2018-07-11 00:00:00'),(61,24,4,'加油哦，我看好你。','2018-07-11 00:00:00'),(63,25,5,'Keep Fighting!','2018-07-11 00:00:00'),(64,25,1,'大爱无疆，支持一波！','2018-07-11 00:00:00'),(66,23,1,'大爱无疆，支持一波！','2018-07-11 00:00:00'),(68,21,8,'Keep Fighting!','2018-07-11 00:00:00'),(69,20,9,'大爱无疆，支持一波！','2018-07-11 00:00:00'),(70,26,9,'666','2018-07-11 00:00:00'),(71,24,9,'坚持下去，会有更好的明天。','2018-07-11 00:00:00'),(72,24,8,'666','2018-07-11 00:00:00'),(73,22,2,'坚持下去，会有更好的明天。','2018-07-11 00:00:00'),(74,25,5,'大爱无疆，支持一波！','2018-07-11 00:00:00'),(76,23,7,'加油哦，我看好你。','2018-07-11 00:00:00'),(77,20,3,'坚持下去，会有更好的明天。','2018-07-11 00:00:00'),(78,22,9,'Keep Fighting!','2018-07-11 00:00:00'),(79,23,8,'加油哦，我看好你。','2018-07-11 00:00:00'),(80,25,8,'坚持下去，会有更好的明天。','2018-07-11 00:00:00'),(81,22,5,'坚持下去，会有更好的明天。','2018-07-11 00:00:00'),(83,23,4,'加油哦，我看好你。','2018-07-11 00:00:00'),(84,20,2,'坚持下去，会有更好的明天。','2018-07-11 00:00:00'),(85,23,9,'加油哦，我看好你。','2018-07-11 00:00:00'),(86,26,2,'Keep Fighting!','2018-07-11 00:00:00'),(87,26,8,'666','2018-07-11 00:00:00'),(88,23,9,'大爱无疆，支持一波！','2018-07-11 00:00:00'),(89,22,6,'加油哦，我看好你。','2018-07-11 00:00:00'),(90,22,9,'坚持下去，会有更好的明天。','2018-07-11 00:00:00'),(92,24,6,'坚持下去，会有更好的明天。','2018-07-11 00:00:00'),(93,22,2,'坚持下去，会有更好的明天。','2018-07-11 00:00:00'),(94,21,9,'大爱无疆，支持一波！','2018-07-11 00:00:00'),(95,22,7,'坚持下去，会有更好的明天。','2018-07-11 00:00:00'),(97,20,8,'坚持下去，会有更好的明天。','2018-07-11 00:00:00'),(98,24,6,'坚持下去，会有更好的明天。','2018-07-11 00:00:00'),(99,23,2,'坚持下去，会有更好的明天。','2018-07-11 00:00:00'),(100,26,6,'大爱无疆，支持一波！','2018-07-11 00:00:00'),(101,25,9,'大爱无疆，支持一波！','2018-07-11 00:00:00'),(102,22,4,'坚持下去，会有更好的明天。','2018-07-11 00:00:00'),(104,22,6,'加油哦，我看好你。','2018-07-11 00:00:00'),(105,23,6,'坚持下去，会有更好的明天。','2018-07-11 00:00:00'),(106,21,2,'加油哦，我看好你。','2018-07-11 00:00:00'),(107,20,1,'大爱无疆，支持一波！','2018-07-11 00:00:00'),(108,21,3,'坚持下去，会有更好的明天。','2018-07-11 00:00:00'),(109,21,4,'加油哦，我看好你。','2018-07-11 00:00:00'),(110,25,6,'加油哦，我看好你。','2018-07-11 00:00:00'),(111,20,7,'坚持下去，会有更好的明天。','2018-07-11 00:00:00'),(113,3,2,'666','2018-07-11 00:00:00'),(114,2,5,'坚持下去，会有更好的明天。','2018-07-11 00:00:00'),(115,3,4,'666','2018-07-11 00:00:00'),(116,2,9,'坚持下去，会有更好的明天。','2018-07-11 00:00:00'),(117,2,9,'大爱无疆，支持一波！','2018-07-11 00:00:00'),(118,3,9,'坚持下去，会有更好的明天。','2018-07-11 00:00:00'),(119,2,4,'Keep Fighting!','2018-07-11 00:00:00'),(120,3,2,'大爱无疆，支持一波！','2018-07-11 00:00:00'),(121,9,8,'加油哦，我看好你。','2018-07-11 00:00:00'),(122,9,4,'坚持下去，会有更好的明天。','2018-07-11 00:00:00'),(123,7,6,'Keep Fighting!','2018-07-11 00:00:00'),(124,8,1,'大爱无疆，支持一波！','2018-07-11 00:00:00'),(125,7,4,'Keep Fighting!','2018-07-11 00:00:00'),(126,9,9,'大爱无疆，支持一波！','2018-07-11 00:00:00'),(127,7,2,'加油哦，我看好你。','2018-07-11 00:00:00'),(130,8,8,'Keep Fighting!','2018-07-11 00:00:00'),(132,7,7,'加油哦，我看好你。','2018-07-11 00:00:00'),(133,8,3,'坚持下去，会有更好的明天。','2018-07-11 00:00:00'),(134,7,8,'666','2018-07-11 00:00:00'),(136,3,1,'aaaaaaaaa','2018-07-12 00:00:00'),(137,5,1,'qqq','2018-07-18 11:12:10'),(138,34,1,'1','2018-07-18 11:16:26'),(139,14,1,'徐圆圆','2018-07-28 17:46:58'),(140,14,1,'徐媛媛','2018-07-28 17:47:12');
/*!40000 ALTER TABLE `comment` ENABLE KEYS */;
UNLOCK TABLES;

--
-- Table structure for table `image`
--

DROP TABLE IF EXISTS `image`;
/*!40101 SET @saved_cs_client     = @@character_set_client */;
/*!40101 SET character_set_client = utf8 */;
CREATE TABLE `image` (
  `id` int(10) unsigned NOT NULL AUTO_INCREMENT,
  `type` tinyint(2) unsigned NOT NULL,
  `name` varchar(64) NOT NULL,
  `user_id` int(10) unsigned DEFAULT NULL,
  `project_id` int(10) unsigned DEFAULT NULL,
  PRIMARY KEY (`id`),
  KEY `pid` (`project_id`),
  KEY `uid` (`user_id`),
  CONSTRAINT `image_ibfk_1` FOREIGN KEY (`project_id`) REFERENCES `project` (`id`),
  CONSTRAINT `image_ibfk_2` FOREIGN KEY (`user_id`) REFERENCES `user` (`id`)
) ENGINE=InnoDB AUTO_INCREMENT=156 DEFAULT CHARSET=utf8 ROW_FORMAT=DYNAMIC;
/*!40101 SET character_set_client = @saved_cs_client */;

--
-- Dumping data for table `image`
--

LOCK TABLES `image` WRITE;
/*!40000 ALTER TABLE `image` DISABLE KEYS */;
INSERT INTO `image` VALUES (1,2,'5b1e28c4979981a_t4_750x469_thumb_670x0.jpg',NULL,2),(2,2,'5b1e46db368691a_t4_643x603_thumb_670x0.jpg',NULL,2),(3,2,'5b1e103417f4b1a_t4_1434x699_thumb_670x0.jpg',NULL,2),(4,2,'5b1e1074897441a_t4_2000x1125_thumb_670x0.jpg',NULL,2),(5,3,'身份证正面.png',NULL,2),(6,3,'身份证反面.png',NULL,2),(7,1,'5b2a11972d188_640x483_thumb_534x400.jpg',NULL,2),(8,2,'5af9a2de7e7ca1a_t9_640x480_thumb_534x400.jpg',NULL,3),(9,2,'5afcc25cccfaa1a_t4_962x640_thumb_670x0.jpg',NULL,3),(10,2,'5afcc398680dd1a_t4_800x441_thumb_670x0.jpg',NULL,3),(11,2,'5afd2e311b93a1a_t4_800x710_thumb_670x0.jpg',NULL,3),(12,3,'身份证正面.png',NULL,3),(13,3,'身份证反面.png',NULL,3),(14,1,'5afea95e32d331a_t4_960x640_thumb_670x0.jpg',NULL,3),(17,2,'5b212e6d3a5ad1a_t4_800x600_thumb_670x0.jpg',NULL,5),(18,2,'5b212e813968d1a_t4_800x600_thumb_670x0.jpg',NULL,5),(19,2,'5b221f80b519b1a_t4_1007x599_thumb_670x0.jpg',NULL,5),(20,3,'身份证正面.png',NULL,5),(21,3,'身份证反面.png',NULL,5),(22,1,'5b211a76d78ab1a_t9_800x451_thumb_534x400.jpg',NULL,5),(23,2,'5b3f5a12bcd671a_t4_1654x2340_thumb_670x0.jpg',NULL,6),(24,2,'5b3e25dfc8b521a_t4_749x608_thumb_670x0.jpg',NULL,6),(25,2,'5b3e2ed82e9a31a_t4_1914x1246_thumb_670x0.jpg',NULL,6),(26,2,'5b3e2ecc9bdca1a_t4_800x534_thumb_670x0.jpg',NULL,6),(27,3,'身份证正面.png',NULL,6),(28,3,'身份证反面.png',NULL,6),(29,1,'5b42fc92519111a_t9_1600x1067_thumb_534x400.jpg',NULL,6),(30,2,'5b20816690a891a_t4_1039x783_thumb_670x0.jpg',NULL,7),(31,2,'5b207b025846f1a_t4_1440x1080_thumb_670x0.jpg',NULL,7),(32,2,'5b20813071c6b1a_t4_1918x1080_thumb_670x0.jpg',NULL,7),(33,2,'5b21dbabc2ea71a_t4_1440x1080_thumb_670x0.jpg',NULL,7),(34,2,'5b209d1970d881a_t4_960x721_thumb_670x0.jpg',NULL,7),(35,3,'身份证正面.png',NULL,7),(36,3,'身份证反面.png',NULL,7),(37,1,'5b206efb0de981a_t9_980x639_thumb_534x400.jpg',NULL,7),(38,2,'5b30409f4ea0b1a_t4_752x492_thumb_670x0.jpg',NULL,8),(39,2,'5b2a254badc261a_t4_943x628_thumb_670x0.jpg',NULL,8),(40,2,'5b2a25328a2901a_t4_939x626_thumb_670x0.jpg',NULL,8),(41,2,'5b2a24263ac9c1a_t4_1920x1080_thumb_670x0.jpg',NULL,8),(42,3,'身份证正面.png',NULL,8),(43,3,'身份证反面.png',NULL,8),(44,1,'5b2a1c375b3dc1a_t9_1920x1080_thumb_534x400.jpg',NULL,8),(45,2,'5af26301ea93d1a_t4_1440x1080_thumb_670x0.jpg',NULL,9),(46,2,'5af262b89d39c1a_t4_800x800_thumb_670x0.jpg',NULL,9),(47,2,'5af2629381f4d1a_t4_953x532_thumb_670x0.jpg',NULL,9),(48,2,'5afb7ec0cd1811a_t7_670x502.jpg',NULL,9),(49,3,'身份证正面.png',NULL,9),(50,3,'身份证反面.png',NULL,9),(51,1,'5af41b4dac4591a_t9_1620x1080_thumb_534x400.jpg',NULL,9),(62,2,'5b281a27991ff1a_t4_2162x3274_thumb_670x0.jpg',NULL,13),(63,2,'5b2819a4b18151a_t4_2162x3274_thumb_670x0.jpg',NULL,13),(64,2,'5b28189ec97511a_t4_1192x223_thumb_670x0.jpg',NULL,13),(65,2,'5b2815d78c7251a_t9_3510x2479_thumb_534x400.jpg',NULL,13),(66,3,'身份证正面.png',NULL,13),(67,3,'身份证反面.png',NULL,13),(68,1,'5b2815d78c7251a_t9_3510x2479_thumb_534x400.jpg',NULL,13),(69,2,'5b2d29471f1501a_t4_608x654_thumb_670x0.jpg',NULL,14),(70,2,'5b2d27208659b1a_t4_1920x1280_thumb_670x0.jpg',NULL,14),(71,2,'5b2d1de0b1ad91a_t4_1080x1440_thumb_670x0.jpg',NULL,14),(72,2,'5b2d1d463086f1a_t4_1276x720_thumb_670x0.jpg',NULL,14),(73,2,'5b2d24b5ae44b1a_t4_1440x1080_thumb_670x0.jpg',NULL,14),(74,2,'5b2d18cd41b061a_t4_432x603_thumb_670x0.jpg',NULL,14),(75,3,'身份证正面.png',NULL,14),(76,3,'身份证反面.png',NULL,14),(77,1,'5b2d0ec0d1bcb1a_t9_1593x1079_thumb_534x400.jpg',NULL,14),(78,2,'5b07b4f397e331a_t4_1616x1080_thumb_670x0.jpg',NULL,15),(79,2,'5b07b3eb0f0541a_t4_1616x1080_thumb_670x0.jpg',NULL,15),(80,2,'5b1a9beee02bb1a_t4_960x960_thumb_670x0.jpg',NULL,15),(81,2,'5b07ac681c8ba1a_t4_1440x1080_thumb_670x0.jpg',NULL,15),(82,2,'5b1a9b148d1f31a_t9_1339x1224_thumb_534x400.jpg',NULL,15),(83,3,'身份证正面.png',NULL,15),(84,3,'身份证反面.png',NULL,15),(85,1,'5b1a9b148d1f31a_t9_1339x1224_thumb_534x400.jpg',NULL,15),(88,2,'5af96347294101a_t4_670x418_thumb_670x0.jpg',NULL,17),(89,2,'5afa4d4a2d06e1a_t4_670x799_thumb_670x0.jpg',NULL,17),(90,2,'5af9633639d481a_t4_670x686_thumb_670x0.jpg',NULL,17),(91,3,'身份证正面.png',NULL,17),(92,3,'身份证反面.png',NULL,17),(93,1,'5afa45da648eb1a_t9_640x480_thumb_534x400.jpg',NULL,17),(94,2,'5b169427ce6d81a_t4_482x362_thumb_670x0.jpg',NULL,18),(95,3,'身份证正面.png',NULL,18),(96,3,'身份证反面.png',NULL,18),(97,1,'5b18bb0f9113e1a_t9_1000x750_thumb_534x400.jpg',NULL,18),(98,2,'5b20dabc421f11a_t4_503x670_thumb_670x0.jpg',NULL,20),(99,2,'5b20da3d299191a_t4_893x670_thumb_670x0.jpg',NULL,20),(100,2,'5b20da324643e1a_t4_893x670_thumb_670x0.jpg',NULL,20),(101,2,'5b20da199b0d81a_t4_893x670_thumb_670x0.jpg',NULL,20),(102,2,'5b20d9c8741ac1a_t4_893x670_thumb_670x0.jpg',NULL,20),(103,3,'身份证正面.png',NULL,20),(104,3,'身份证反面.png',NULL,20),(105,1,'5b20e55545b031a_t9_640x480_thumb_534x400.jpg',NULL,20),(106,2,'5b33babdb68801a_t4_600x276_thumb_670x0.jpg',NULL,21),(107,2,'5b33a9629e07d1a_t4_1024x768_thumb_670x0.jpg',NULL,21),(108,2,'5b33c8743d7581a_t4_2000x1316_thumb_670x0.jpg',NULL,21),(109,2,'5b33c72e25c021a_t4_2000x1333_thumb_670x0.jpg',NULL,21),(110,2,'5b34385a21dca1a_t4_5756x3837_thumb_670x0.jpg',NULL,21),(111,2,'5b343a72be9881a_t4_5184x3456_thumb_670x0.jpg',NULL,21),(112,3,'身份证正面.png',NULL,21),(113,3,'身份证反面.png',NULL,21),(114,1,'5b33920243adf1a_t9_640x480_thumb_534x400.jpg',NULL,21),(115,2,'5afbb521a9c001a_t4_1932x1794_thumb_670x0.jpg',NULL,22),(116,2,'5afbb553bab181a_t9_1088x1079_thumb_534x400.jpg',NULL,22),(117,3,'身份证正面.png',NULL,22),(118,3,'身份证反面.png',NULL,22),(119,1,'5afbb521a9c001a_t4_1932x1794_thumb_670x0.jpg',NULL,22),(120,2,'5b2263f37f9521a_t4_1054x664_thumb_670x0.jpg',NULL,23),(121,2,'5b2263e91294e1a_t4_958x603_thumb_670x0.jpg',NULL,23),(122,2,'5b2262c11e9001a_t4_959x603_thumb_670x0.jpg',NULL,23),(123,2,'5b2267648431f1a_t4_1053x662_thumb_670x0.jpg',NULL,23),(124,2,'5b2b7b263b2291a_t7_1920x1080.jpg',NULL,23),(125,3,'身份证正面.png',NULL,23),(126,3,'身份证反面.png',NULL,23),(127,1,'5b222fed41be01a_t9_959x603_thumb_534x400.jpg',NULL,23),(128,2,'5b3a170331b681a_t4_790x914_thumb_670x0 (1).jpg',NULL,24),(129,2,'5b3a170331b681a_t4_790x914_thumb_670x0.jpg',NULL,24),(130,2,'5b3a16ede5fae1a_t4_790x877_thumb_670x0.jpg',NULL,24),(131,2,'5b3a168f1d2ef1a_t4_790x1602_thumb_670x0.jpg',NULL,24),(132,2,'5b3a1575127a51a_t4_738x1500_thumb_670x0.jpg',NULL,24),(133,3,'身份证正面.png',NULL,24),(134,3,'身份证反面.png',NULL,24),(135,1,'5b39b98f0e2151a_t9_640x480_thumb_534x400.jpg',NULL,24),(136,2,'5b214252e06b81a_t4_1138x640_thumb_670x0.jpg',NULL,25),(137,2,'5b21393faeb2a1a_t4_1138x640_thumb_670x0.jpg',NULL,25),(138,2,'5b212ec31cf391a_t4_698x838_thumb_670x0.jpg',NULL,25),(139,2,'5b2128259b3531a_t4_640x853_thumb_670x0.jpg',NULL,25),(140,2,'5b2127f48e73b1a_t4_853x640_thumb_670x0.jpg',NULL,25),(141,3,'身份证正面.png',NULL,25),(142,3,'身份证反面.png',NULL,25),(143,1,'5b34c66ebd6a61a_t7_868x595.jpg',NULL,25),(144,2,'5a73c2d1e4a9b1a_t4_670x600_thumb_670x0.jpg',NULL,26),(145,3,'身份证正面.png',NULL,26),(146,3,'身份证反面.png',NULL,26),(147,1,'5a73c0007a23d1a_t9_640x480_thumb_534x400.jpg',NULL,26),(152,2,'红红.jpg',NULL,34),(153,3,'红红.jpg',NULL,34),(154,3,'红红.jpg',NULL,34),(155,1,'红红.jpg',NULL,34);
/*!40000 ALTER TABLE `image` ENABLE KEYS */;
UNLOCK TABLES;

--
-- Table structure for table `message`
--

DROP TABLE IF EXISTS `message`;
/*!40101 SET @saved_cs_client     = @@character_set_client */;
/*!40101 SET character_set_client = utf8 */;
CREATE TABLE `message` (
  `id` int(10) unsigned NOT NULL AUTO_INCREMENT,
  `user_id` int(10) unsigned NOT NULL,
  `info` varchar(5000) NOT NULL,
  `time` datetime NOT NULL DEFAULT CURRENT_TIMESTAMP,
  `state` tinyint(2) NOT NULL DEFAULT '0',
  PRIMARY KEY (`id`),
  KEY `user_id` (`user_id`),
  CONSTRAINT `message_ibfk_1` FOREIGN KEY (`user_id`) REFERENCES `user` (`id`)
) ENGINE=InnoDB AUTO_INCREMENT=134 DEFAULT CHARSET=utf8 ROW_FORMAT=DYNAMIC;
/*!40101 SET character_set_client = @saved_cs_client */;

--
-- Dumping data for table `message`
--

LOCK TABLES `message` WRITE;
/*!40000 ALTER TABLE `message` DISABLE KEYS */;
INSERT INTO `message` VALUES (1,2,'【审核通过】您的项目 居安当思危，爱心永无价 已通过审核! 要想上首页please give me money!!!','2018-07-11 15:57:49',0),(6,9,'【项目撤销】您支持的项目 【长生野稻米】身边的生态无公害大米 因违法、违规或其他原因被撤销，如有问题请联系XXXXXXXX','2018-07-11 22:29:49',0),(8,6,'【项目撤销】您支持的项目 【长生野稻米】身边的生态无公害大米 因违法、违规或其他原因被撤销，如有问题请联系XXXXXXXX','2018-07-11 22:29:49',0),(9,7,'【项目撤销】您支持的项目 【长生野稻米】身边的生态无公害大米 因违法、违规或其他原因被撤销，如有问题请联系XXXXXXXX','2018-07-11 22:29:49',0),(13,7,'【项目撤销】您支持的项目 领养孤儿小象，将它们从困境中解救！ 因违法、违规或其他原因被撤销，如有问题请联系XXXXXXXX','2018-07-11 22:29:49',0),(14,9,'【项目撤销】您支持的项目 领养孤儿小象，将它们从困境中解救！ 因违法、违规或其他原因被撤销，如有问题请联系XXXXXXXX','2018-07-11 22:29:49',0),(15,3,'【项目撤销】您支持的项目 领养孤儿小象，将它们从困境中解救！ 因违法、违规或其他原因被撤销，如有问题请联系XXXXXXXX','2018-07-11 22:29:49',0),(16,8,'【项目撤销】您支持的项目 领养孤儿小象，将它们从困境中解救！ 因违法、违规或其他原因被撤销，如有问题请联系XXXXXXXX','2018-07-11 22:29:49',0),(17,3,'【项目撤销】您支持的项目 领养孤儿小象，将它们从困境中解救！ 因违法、违规或其他原因被撤销，如有问题请联系XXXXXXXX','2018-07-11 22:29:49',0),(19,5,'【项目撤销】您支持的项目 来自北影新锐动画人的视觉创意 因违法、违规或其他原因被撤销，如有问题请联系XXXXXXXX','2018-07-11 22:39:13',0),(20,5,'【项目撤销】您支持的项目 来自北影新锐动画人的视觉创意 因违法、违规或其他原因被撤销，如有问题请联系XXXXXXXX','2018-07-11 22:39:13',0),(21,9,'【项目撤销】您支持的项目 来自北影新锐动画人的视觉创意 因违法、违规或其他原因被撤销，如有问题请联系XXXXXXXX','2018-07-11 22:39:13',0),(22,2,'【项目撤销】您支持的项目 来自北影新锐动画人的视觉创意 因违法、违规或其他原因被撤销，如有问题请联系XXXXXXXX','2018-07-11 22:39:13',0),(23,4,'【项目撤销】您支持的项目 来自北影新锐动画人的视觉创意 因违法、违规或其他原因被撤销，如有问题请联系XXXXXXXX','2018-07-11 22:39:13',0),(28,5,'【项目撤销】您支持的项目 来自北影新锐动画人的视觉创意 因违法、违规或其他原因被撤销，如有问题请联系XXXXXXXX','2018-07-12 00:48:24',0),(29,5,'【项目撤销】您支持的项目 来自北影新锐动画人的视觉创意 因违法、违规或其他原因被撤销，如有问题请联系XXXXXXXX','2018-07-12 00:48:24',0),(30,9,'【项目撤销】您支持的项目 来自北影新锐动画人的视觉创意 因违法、违规或其他原因被撤销，如有问题请联系XXXXXXXX','2018-07-12 00:48:24',0),(31,2,'【项目撤销】您支持的项目 来自北影新锐动画人的视觉创意 因违法、违规或其他原因被撤销，如有问题请联系XXXXXXXX','2018-07-12 00:48:24',0),(32,4,'【项目撤销】您支持的项目 来自北影新锐动画人的视觉创意 因违法、违规或其他原因被撤销，如有问题请联系XXXXXXXX','2018-07-12 00:48:24',0),(35,102,'【欢迎注册】 恭喜您注册成功','2018-07-12 04:15:37',1),(36,102,'【余额支付】关于项目【居安当思危，爱心永无价】，1000元','2018-07-12 04:50:59',1),(37,102,'【支付宝付】关于项目【居安当思危，爱心永无价】，1元','2018-07-12 05:04:12',1),(39,102,'【余额支付】关于项目【领养孤儿小象，将它们从困境中解救！】，12元','2018-07-12 06:55:41',1),(40,102,'【支付宝付】关于项目【领养孤儿小象，将它们从困境中解救！】，13元','2018-07-12 06:57:08',1),(61,5,'您支持的项目 来自北影新锐动画人的视觉创意 已提款，将进入回报阶段,敬请期待 ','2018-07-12 09:41:42',0),(62,5,'您支持的项目 来自北影新锐动画人的视觉创意 已提款，将进入回报阶段,敬请期待 ','2018-07-12 09:41:42',0),(63,9,'您支持的项目 来自北影新锐动画人的视觉创意 已提款，将进入回报阶段,敬请期待 ','2018-07-12 09:41:42',0),(64,2,'您支持的项目 来自北影新锐动画人的视觉创意 已提款，将进入回报阶段,敬请期待 ','2018-07-12 09:41:42',0),(65,4,'您支持的项目 来自北影新锐动画人的视觉创意 已提款，将进入回报阶段,敬请期待 ','2018-07-12 09:41:42',0),(67,5,'【项目回报】您支持的项目 来自北影新锐动画人的视觉创意 已回报，请及时确认回报，如有问题请联系XXXXXXXX ','2018-07-12 09:42:02',0),(68,5,'【项目回报】您支持的项目 来自北影新锐动画人的视觉创意 已回报，请及时确认回报，如有问题请联系XXXXXXXX ','2018-07-12 09:42:02',0),(69,5,'【项目回报】您支持的项目 来自北影新锐动画人的视觉创意 已回报，请及时确认回报，如有问题请联系XXXXXXXX ','2018-07-12 09:42:02',0),(70,5,'【项目回报】您支持的项目 来自北影新锐动画人的视觉创意 已回报，请及时确认回报，如有问题请联系XXXXXXXX ','2018-07-12 09:42:02',0),(71,5,'【项目回报】您支持的项目 来自北影新锐动画人的视觉创意 已回报，请及时确认回报，如有问题请联系XXXXXXXX ','2018-07-12 09:42:02',0),(72,5,'【项目回报】您支持的项目 来自北影新锐动画人的视觉创意 已回报，请及时确认回报，如有问题请联系XXXXXXXX ','2018-07-12 09:42:02',0),(73,9,'【项目回报】您支持的项目 来自北影新锐动画人的视觉创意 已回报，请及时确认回报，如有问题请联系XXXXXXXX ','2018-07-12 09:42:02',0),(74,9,'【项目回报】您支持的项目 来自北影新锐动画人的视觉创意 已回报，请及时确认回报，如有问题请联系XXXXXXXX ','2018-07-12 09:42:02',0),(75,9,'【项目回报】您支持的项目 来自北影新锐动画人的视觉创意 已回报，请及时确认回报，如有问题请联系XXXXXXXX ','2018-07-12 09:42:02',0),(76,2,'【项目回报】您支持的项目 来自北影新锐动画人的视觉创意 已回报，请及时确认回报，如有问题请联系XXXXXXXX ','2018-07-12 09:42:02',0),(77,4,'【项目回报】您支持的项目 来自北影新锐动画人的视觉创意 已回报，请及时确认回报，如有问题请联系XXXXXXXX ','2018-07-12 09:42:03',0),(78,2,'【项目回报】您支持的项目 来自北影新锐动画人的视觉创意 已回报，请及时确认回报，如有问题请联系XXXXXXXX ','2018-07-12 09:42:03',0),(79,2,'【项目回报】您支持的项目 来自北影新锐动画人的视觉创意 已回报，请及时确认回报，如有问题请联系XXXXXXXX ','2018-07-12 09:42:03',0),(81,4,'【项目回报】您支持的项目 来自北影新锐动画人的视觉创意 已回报，请及时确认回报，如有问题请联系XXXXXXXX ','2018-07-12 09:42:03',0),(82,4,'【项目回报】您支持的项目 来自北影新锐动画人的视觉创意 已回报，请及时确认回报，如有问题请联系XXXXXXXX ','2018-07-12 09:42:03',0),(85,1,'【余额支付】关于项目【居安当思危，爱心永无价】，1000元','2018-07-12 10:12:00',1),(87,1,'【审核通过】您发起的项目 绿丝带”防沙固林公益筑梦计划 已通过审核! 要想上首页please ***','2018-07-12 10:23:39',1),(88,1,'【审核通过】您发起的项目 领养孤儿小象，将它们从困境中解救！ 已通过审核! 要想上首页please ***','2018-07-12 10:25:10',1),(89,1,'【申请通过】您的提款申请通过审核，金额为 25083','2018-07-12 10:27:23',0),(90,5,'您支持的项目 来自北影新锐动画人的视觉创意 已提款，将进入回报阶段,敬请期待 ','2018-07-12 10:27:23',0),(91,5,'您支持的项目 来自北影新锐动画人的视觉创意 已提款，将进入回报阶段,敬请期待 ','2018-07-12 10:27:23',0),(92,9,'您支持的项目 来自北影新锐动画人的视觉创意 已提款，将进入回报阶段,敬请期待 ','2018-07-12 10:27:23',0),(93,2,'您支持的项目 来自北影新锐动画人的视觉创意 已提款，将进入回报阶段,敬请期待 ','2018-07-12 10:27:23',0),(94,4,'您支持的项目 来自北影新锐动画人的视觉创意 已提款，将进入回报阶段,敬请期待 ','2018-07-12 10:27:23',0),(95,1,'您支持的项目 来自北影新锐动画人的视觉创意 已提款，将进入回报阶段,敬请期待 ','2018-07-12 10:27:23',0),(96,1,'【项目撤销】您发起的项目 领养孤儿小象，将它们从困境中解救！ 因违法、违规或其他原因被撤销，如有问题请联系XXXXXXXX','2018-07-12 19:03:44',0),(97,7,'【项目撤销】您支持的项目 领养孤儿小象，将它们从困境中解救！ 因违法、违规或其他原因被撤销，如有问题请联系XXXXXXXX','2018-07-12 19:03:44',0),(98,9,'【项目撤销】您支持的项目 领养孤儿小象，将它们从困境中解救！ 因违法、违规或其他原因被撤销，如有问题请联系XXXXXXXX','2018-07-12 19:03:44',0),(99,3,'【项目撤销】您支持的项目 领养孤儿小象，将它们从困境中解救！ 因违法、违规或其他原因被撤销，如有问题请联系XXXXXXXX','2018-07-12 19:03:44',0),(100,8,'【项目撤销】您支持的项目 领养孤儿小象，将它们从困境中解救！ 因违法、违规或其他原因被撤销，如有问题请联系XXXXXXXX','2018-07-12 19:03:44',0),(101,3,'【项目撤销】您支持的项目 领养孤儿小象，将它们从困境中解救！ 因违法、违规或其他原因被撤销，如有问题请联系XXXXXXXX','2018-07-12 19:03:44',0),(102,102,'【项目撤销】您支持的项目 领养孤儿小象，将它们从困境中解救！ 因违法、违规或其他原因被撤销，如有问题请联系XXXXXXXX','2018-07-12 19:03:44',0),(103,102,'【项目撤销】您支持的项目 领养孤儿小象，将它们从困境中解救！ 因违法、违规或其他原因被撤销，如有问题请联系XXXXXXXX','2018-07-12 19:03:44',0),(104,1,'【审核通过】您发起的项目 领养孤儿小象，将它们从困境中解救！ 已通过审核! 要想上首页please give me money!!!','2018-07-12 19:03:47',0),(105,1,'【项目撤销】您发起的项目 领养孤儿小象，将它们从困境中解救！ 因违法、违规或其他原因被撤销，如有问题请联系XXXXXXXX','2018-07-12 19:03:52',0),(106,7,'【项目撤销】您支持的项目 领养孤儿小象，将它们从困境中解救！ 因违法、违规或其他原因被撤销，如有问题请联系XXXXXXXX','2018-07-12 19:03:52',0),(107,9,'【项目撤销】您支持的项目 领养孤儿小象，将它们从困境中解救！ 因违法、违规或其他原因被撤销，如有问题请联系XXXXXXXX','2018-07-12 19:03:52',0),(108,3,'【项目撤销】您支持的项目 领养孤儿小象，将它们从困境中解救！ 因违法、违规或其他原因被撤销，如有问题请联系XXXXXXXX','2018-07-12 19:03:52',0),(109,8,'【项目撤销】您支持的项目 领养孤儿小象，将它们从困境中解救！ 因违法、违规或其他原因被撤销，如有问题请联系XXXXXXXX','2018-07-12 19:03:52',0),(110,3,'【项目撤销】您支持的项目 领养孤儿小象，将它们从困境中解救！ 因违法、违规或其他原因被撤销，如有问题请联系XXXXXXXX','2018-07-12 19:03:52',0),(111,102,'【项目撤销】您支持的项目 领养孤儿小象，将它们从困境中解救！ 因违法、违规或其他原因被撤销，如有问题请联系XXXXXXXX','2018-07-12 19:03:52',0),(112,102,'【项目撤销】您支持的项目 领养孤儿小象，将它们从困境中解救！ 因违法、违规或其他原因被撤销，如有问题请联系XXXXXXXX','2018-07-12 19:03:52',0),(113,1,'【审核通过】您发起的项目 领养孤儿小象，将它们从困境中解救！ 已通过审核! 要想上首页please give me money!!!','2018-07-12 19:03:54',0),(114,103,'【欢迎注册】 恭喜您注册成功！！','2018-07-18 10:29:24',1),(115,1,'【余额支付】关于项目【1】，1元','2018-07-18 11:16:34',0),(116,5,'【项目回报】您支持的项目 来自北影新锐动画人的视觉创意 已回报，请及时确认回报，如有问题请联系XXXXXXXX ','2018-07-18 11:59:06',0),(117,5,'【项目回报】您支持的项目 来自北影新锐动画人的视觉创意 已回报，请及时确认回报，如有问题请联系XXXXXXXX ','2018-07-18 11:59:06',0),(118,5,'【项目回报】您支持的项目 来自北影新锐动画人的视觉创意 已回报，请及时确认回报，如有问题请联系XXXXXXXX ','2018-07-18 11:59:06',0),(119,5,'【项目回报】您支持的项目 来自北影新锐动画人的视觉创意 已回报，请及时确认回报，如有问题请联系XXXXXXXX ','2018-07-18 11:59:06',0),(120,5,'【项目回报】您支持的项目 来自北影新锐动画人的视觉创意 已回报，请及时确认回报，如有问题请联系XXXXXXXX ','2018-07-18 11:59:06',0),(121,5,'【项目回报】您支持的项目 来自北影新锐动画人的视觉创意 已回报，请及时确认回报，如有问题请联系XXXXXXXX ','2018-07-18 11:59:06',0),(122,9,'【项目回报】您支持的项目 来自北影新锐动画人的视觉创意 已回报，请及时确认回报，如有问题请联系XXXXXXXX ','2018-07-18 11:59:06',0),(123,9,'【项目回报】您支持的项目 来自北影新锐动画人的视觉创意 已回报，请及时确认回报，如有问题请联系XXXXXXXX ','2018-07-18 11:59:06',0),(124,9,'【项目回报】您支持的项目 来自北影新锐动画人的视觉创意 已回报，请及时确认回报，如有问题请联系XXXXXXXX ','2018-07-18 11:59:06',0),(125,2,'【项目回报】您支持的项目 来自北影新锐动画人的视觉创意 已回报，请及时确认回报，如有问题请联系XXXXXXXX ','2018-07-18 11:59:06',0),(126,2,'【项目回报】您支持的项目 来自北影新锐动画人的视觉创意 已回报，请及时确认回报，如有问题请联系XXXXXXXX ','2018-07-18 11:59:06',0),(127,2,'【项目回报】您支持的项目 来自北影新锐动画人的视觉创意 已回报，请及时确认回报，如有问题请联系XXXXXXXX ','2018-07-18 11:59:06',0),(128,4,'【项目回报】您支持的项目 来自北影新锐动画人的视觉创意 已回报，请及时确认回报，如有问题请联系XXXXXXXX ','2018-07-18 11:59:07',0),(129,4,'【项目回报】您支持的项目 来自北影新锐动画人的视觉创意 已回报，请及时确认回报，如有问题请联系XXXXXXXX ','2018-07-18 11:59:07',0),(130,4,'【项目回报】您支持的项目 来自北影新锐动画人的视觉创意 已回报，请及时确认回报，如有问题请联系XXXXXXXX ','2018-07-18 11:59:07',0),(131,1,'【项目回报】您支持的项目 来自北影新锐动画人的视觉创意 已回报，请及时确认回报，如有问题请联系XXXXXXXX ','2018-07-18 11:59:07',0),(132,1,'【项目回报】您支持的项目 来自北影新锐动画人的视觉创意 已回报，请及时确认回报，如有问题请联系XXXXXXXX ','2018-07-18 11:59:07',0),(133,1,'【项目回报】您支持的项目 来自北影新锐动画人的视觉创意 已回报，请及时确认回报，如有问题请联系XXXXXXXX ','2018-07-18 11:59:07',0);
/*!40000 ALTER TABLE `message` ENABLE KEYS */;
UNLOCK TABLES;

--
-- Table structure for table `order_`
--

DROP TABLE IF EXISTS `order_`;
/*!40101 SET @saved_cs_client     = @@character_set_client */;
/*!40101 SET character_set_client = utf8 */;
CREATE TABLE `order_` (
  `id` int(10) unsigned NOT NULL AUTO_INCREMENT,
  `name` varchar(100) CHARACTER SET gbk NOT NULL,
  `user_id` int(10) unsigned NOT NULL,
  `project_id` int(10) unsigned NOT NULL,
  `money` int(10) unsigned NOT NULL,
  `date` datetime NOT NULL DEFAULT CURRENT_TIMESTAMP,
  `phone` varchar(11) NOT NULL,
  `state` tinyint(2) unsigned NOT NULL DEFAULT '0',
  `order_id` varchar(32) NOT NULL,
  PRIMARY KEY (`id`),
  KEY `order__ibfk_1` (`project_id`),
  KEY `order__ibfk_2` (`user_id`),
  CONSTRAINT `order__ibfk_1` FOREIGN KEY (`project_id`) REFERENCES `project` (`id`),
  CONSTRAINT `order__ibfk_2` FOREIGN KEY (`user_id`) REFERENCES `user` (`id`)
) ENGINE=InnoDB AUTO_INCREMENT=81 DEFAULT CHARSET=utf8 ROW_FORMAT=DYNAMIC;
/*!40101 SET character_set_client = @saved_cs_client */;

--
-- Dumping data for table `order_`
--

LOCK TABLES `order_` WRITE;
/*!40000 ALTER TABLE `order_` DISABLE KEYS */;
INSERT INTO `order_` VALUES (1,'琦琦众筹-居安当思危，爱心永无价',2,3,1000,'2018-07-11 15:27:07','18000000000',1,'201807111527070856FE3V28Q'),(2,'琦琦众筹-《拳民擂台》助力草根拳王英雄梦',1,25,1,'2018-07-11 17:37:44','18000000000',1,'20180711173744680610M74P1'),(6,'琦琦众筹-项目支付2',5,20,93,'2018-07-11 18:28:09','18002300002',0,'20180711182809165AT0968OY'),(7,'琦琦众筹-项目支付3',5,20,21,'2018-07-11 18:28:09','18002300003',0,'20180711182809261I6C00902'),(8,'琦琦众筹-项目支付4',9,24,29,'2018-07-11 18:28:09','18002300004',0,'20180711182809298M79T72S0'),(9,'琦琦众筹-项目支付5',7,23,21,'2018-07-11 18:28:09','18002300005',0,'20180711182809341DB14KP7Q'),(10,'琦琦众筹-项目支付6',6,23,87,'2018-07-11 18:28:09','18002300006',0,'20180711182809371HG797H46'),(11,'琦琦众筹-项目支付7',9,24,26,'2018-07-11 18:28:09','18002300007',0,'20180711182809418BJX2HJG3'),(12,'琦琦众筹-项目支付8',7,25,43,'2018-07-11 18:28:09','18002300008',0,'20180711182809485SEK8B1ZR'),(13,'琦琦众筹-项目支付9',7,23,67,'2018-07-11 18:28:09','18002300009',0,'20180711182809551S4VM0QUB'),(15,'琦琦众筹-项目支付11',9,20,87,'2018-07-11 18:28:09','18002300011',0,'20180711182809659K01OU317'),(16,'琦琦众筹-项目支付12',4,23,47,'2018-07-11 18:28:09','18002300012',0,'2018071118280969509V2UT9N'),(17,'琦琦众筹-项目支付13',2,20,45,'2018-07-11 18:28:09','18002300013',0,'2018071118280974035V07A7Q'),(18,'琦琦众筹-项目支付14',8,25,99,'2018-07-11 18:28:09','18002300014',0,'20180711182809784E6V8E08A'),(19,'琦琦众筹-项目支付15',4,24,66,'2018-07-11 18:28:09','18002300015',0,'20180711182809814HZS0RZB5'),(20,'琦琦众筹-项目支付16',7,25,11,'2018-07-11 18:28:09','18002300016',0,'2018071118280985068BWI387'),(21,'琦琦众筹-项目支付17',4,20,38,'2018-07-11 18:28:09','18002300017',0,'201807111828098928715JR5E'),(22,'琦琦众筹-项目支付18',9,21,61,'2018-07-11 18:28:09','18002300018',0,'2018071118280992768396806'),(23,'琦琦众筹-项目支付19',4,26,71,'2018-07-11 18:28:09','18002300019',0,'20180711182809958V9BSQI5T'),(24,'琦琦众筹-项目支付20',4,24,23,'2018-07-11 18:28:09','18002300020',0,'20180711182809993T1ZONDIH'),(25,'琦琦众筹-项目支付21',1,20,83,'2018-07-11 18:28:10','18002300021',1,'201807111828100242B73VVUM'),(26,'琦琦众筹-项目支付22',7,22,41,'2018-07-11 18:28:10','18002300022',0,'20180711182810060L28AN8A1'),(27,'琦琦众筹-项目支付23',4,24,90,'2018-07-11 18:28:10','18002300023',0,'20180711182810091C1KR0KP5'),(28,'琦琦众筹-项目支付24',6,21,83,'2018-07-11 18:28:10','18002300024',0,'20180711182810126ES1AE90R'),(29,'琦琦众筹-项目支付25',4,21,96,'2018-07-11 18:28:10','18002300025',0,'2018071118281015720I46123'),(30,'琦琦众筹-项目支付26',8,25,57,'2018-07-11 18:28:10','18002300026',0,'20180711182810193X0R7DY1K'),(31,'琦琦众筹-项目支付27',7,22,67,'2018-07-11 18:28:10','18002300027',0,'20180711182810224A16S3WYN'),(32,'琦琦众筹-项目支付28',6,22,5,'2018-07-11 18:28:10','18002300028',0,'2018071118281025900RCVH32'),(33,'琦琦众筹-项目支付29',9,23,9,'2018-07-11 18:28:10','18002300029',0,'20180711182810290M5XZ8TON'),(34,'琦琦众筹-项目支付30',8,25,84,'2018-07-11 18:28:10','18002300030',0,'20180711182810326NB8905J8'),(36,'琦琦众筹-项目支付1',7,2,32,'2018-07-11 18:45:47','18002300001',0,'201807111845461141PI1UAH4'),(37,'琦琦众筹-项目支付2',9,2,22,'2018-07-11 18:45:47','18002300002',0,'201807111845475807Q66YN47'),(38,'琦琦众筹-项目支付3',3,3,42,'2018-07-11 18:45:47','18002300003',0,'201807111845476453LNA3TO2'),(39,'琦琦众筹-项目支付4',3,2,97,'2018-07-11 18:45:47','18002300004',0,'201807111845476884FCKMT0Y'),(40,'琦琦众筹-项目支付5',2,3,12,'2018-07-11 18:45:47','18002300005',0,'20180711184547755UL491B46'),(41,'琦琦众筹-项目支付6',8,2,45,'2018-07-11 18:45:47','18002300006',0,'20180711184547810ZYYC0KCY'),(42,'琦琦众筹-项目支付7',4,3,71,'2018-07-11 18:45:47','18002300007',0,'20180711184547930PDY81Q2Z'),(43,'琦琦众筹-项目支付8',7,3,62,'2018-07-11 18:45:47','18002300008',0,'20180711184547965C8T438WK'),(44,'琦琦众筹-项目支付9',3,2,42,'2018-07-11 18:45:48','18002300009',0,'20180711184548021TD5L06YL'),(46,'琦琦众筹-项目支付2',9,7,37,'2018-07-11 18:45:48','18002300002',0,'201807111845480878PO0GHP0'),(47,'琦琦众筹-项目支付3',2,8,7,'2018-07-11 18:45:48','18002300003',0,'20180711184548119I127T02G'),(48,'琦琦众筹-项目支付4',9,9,65,'2018-07-11 18:45:48','18002300004',0,'20180711184548154Q93A6P32'),(50,'琦琦众筹-项目支付6',2,7,9,'2018-07-11 18:45:48','18002300006',0,'20180711184548229SOLA33G6'),(51,'琦琦众筹-项目支付7',4,9,68,'2018-07-11 18:45:48','18002300007',0,'2018071118454826575JD2BXH'),(52,'琦琦众筹-项目支付8',1,8,69,'2018-07-11 18:45:48','18002300008',1,'2018071118454830736IRM250'),(53,'琦琦众筹-项目支付9',5,7,47,'2018-07-11 18:45:48','18002300009',0,'201807111845483419FDS307H'),(54,'琦琦众筹-项目支付10',8,7,7,'2018-07-11 18:45:48','18002300010',0,'20180711184548373J532R2OX'),(55,'琦琦众筹-项目支付11',6,9,61,'2018-07-11 18:45:48','18002300011',0,'20180711184548408GOG4060Y'),(56,'琦琦众筹-项目支付12',7,8,57,'2018-07-11 18:45:48','18002300012',0,'20180711184548440I9F39902'),(57,'琦琦众筹-项目支付13',3,8,83,'2018-07-11 18:45:48','18002300013',0,'2018071118454847477171C6G'),(58,'琦琦众筹-项目支付14',7,9,47,'2018-07-11 18:45:48','18002300014',0,'201807111845485066EQQTZ94'),(59,'琦琦众筹-【长生野稻米】身边的生态无公害大米',1,9,1,'2018-07-11 19:07:23','18000000000',1,'20180711190723479BU2UO735'),(60,'琦琦众筹-【长生野稻米】身边的生态无公害大米',1,9,1,'2018-07-11 19:07:41','18000000000',1,'20180711190741516WTS6UY17'),(61,'琦琦众筹-居安当思危，爱心永无价',1,3,1,'2018-07-11 19:16:08','18000000000',1,'20180711191608669064482W1'),(63,'琦琦众筹-居安当思危，爱心永无价',1,3,100,'2018-07-11 22:57:07','18000000000',0,'20180711225707757849DT867'),(65,'琦琦众筹-居安当思危，爱心永无价',1,3,10,'2018-07-12 04:09:38','18000000000',1,'20180712040938195VZ193TXA'),(66,'琦琦众筹-居安当思危，爱心永无价',102,3,10,'2018-07-12 04:37:14','18000000000',1,'20180712043714154CLNLR4G9'),(67,'琦琦众筹-居安当思危，爱心永无价',102,3,1000,'2018-07-12 04:50:59','18000000000',1,'20180712045059019H667GDS7'),(68,'琦琦众筹-居安当思危，爱心永无价',102,3,10,'2018-07-12 04:51:15','18000000000',1,'20180712045115068AF364576'),(69,'琦琦众筹-居安当思危，爱心永无价',102,3,1,'2018-07-12 05:02:19','18000000000',0,'201807120502198021B6029I9'),(70,'琦琦众筹-居安当思危，爱心永无价',102,3,1,'2018-07-12 05:03:42','18000000000',1,'20180712050342359Y11Q6U36'),(71,'琦琦众筹-领养孤儿小象，将它们从困境中解救！',102,2,12,'2018-07-12 06:55:41','18000000000',1,'20180712065541521SPC4DN6X'),(72,'琦琦众筹-领养孤儿小象，将它们从困境中解救！',102,2,13,'2018-07-12 06:56:08','18000000000',1,'20180712065608711Q904HMH1'),(73,'琦琦众筹-居安当思危，爱心永无价',1,3,1000,'2018-07-12 09:21:16','18000000000',1,'20180712092116043072B0TKP'),(74,'琦琦众筹-居安当思危，爱心永无价',1,3,10,'2018-07-12 09:21:48','18000000000',1,'201807120921480332PRVGZMV'),(76,'琦琦众筹-居安当思危，爱心永无价',1,3,1000,'2018-07-12 10:11:59','18000000000',1,'20180712101159975Z4SL756B'),(77,'琦琦众筹-居安当思危，爱心永无价',1,3,10,'2018-07-12 10:12:33','18000000000',1,'201807121012336454IL6L10M'),(78,'琦琦众筹-1',1,34,1,'2018-07-18 11:16:33','18000000000',1,'20180718111633957QWI07U49'),(79,'琦琦众筹-领养孤儿小象，将它们从困境中解救！',1,2,30000,'2018-07-28 17:43:33','18000000000',0,'2018072817433372793GMG5M9'),(80,'琦琦众筹-领养孤儿小象，将它们从困境中解救！',1,2,30000,'2018-07-28 17:43:35','18000000000',0,'201807281743353974S233UQ8');
/*!40000 ALTER TABLE `order_` ENABLE KEYS */;
UNLOCK TABLES;
/*!50003 SET @saved_cs_client      = @@character_set_client */ ;
/*!50003 SET @saved_cs_results     = @@character_set_results */ ;
/*!50003 SET @saved_col_connection = @@collation_connection */ ;
/*!50003 SET character_set_client  = utf8 */ ;
/*!50003 SET character_set_results = utf8 */ ;
/*!50003 SET collation_connection  = utf8_general_ci */ ;
/*!50003 SET @saved_sql_mode       = @@sql_mode */ ;
/*!50003 SET sql_mode              = 'STRICT_TRANS_TABLES,NO_AUTO_CREATE_USER,NO_ENGINE_SUBSTITUTION' */ ;
DELIMITER ;;
/*!50003 CREATE*/ /*!50017 DEFINER=`root`@`localhost`*/ /*!50003 TRIGGER `update` AFTER UPDATE ON `order_`

FOR EACH ROW

BEGIN

declare m int;

set m =  new.money;

update project set current_money = m + current_money where id = new.project_id;

update user set money = money - m where id = new.user_id;

update project p set p.state = 31 where p.id = new.project_id and p.current_money >= p.target_money  ;

END */;;
DELIMITER ;
/*!50003 SET sql_mode              = @saved_sql_mode */ ;
/*!50003 SET character_set_client  = @saved_cs_client */ ;
/*!50003 SET character_set_results = @saved_cs_results */ ;
/*!50003 SET collation_connection  = @saved_col_connection */ ;

--
-- Temporary table structure for view `pro_and_users`
--

DROP TABLE IF EXISTS `pro_and_users`;
/*!50001 DROP VIEW IF EXISTS `pro_and_users`*/;
SET @saved_cs_client     = @@character_set_client;
SET character_set_client = utf8;
/*!50001 CREATE VIEW `pro_and_users` AS SELECT 
 1 AS `user_id`,
 1 AS `username`,
 1 AS `project_id`,
 1 AS `money`,
 1 AS `date`,
 1 AS `phone`*/;
SET character_set_client = @saved_cs_client;

--
-- Table structure for table `project`
--

DROP TABLE IF EXISTS `project`;
/*!40101 SET @saved_cs_client     = @@character_set_client */;
/*!40101 SET character_set_client = utf8 */;
CREATE TABLE `project` (
  `id` int(10) unsigned NOT NULL AUTO_INCREMENT,
  `name` varchar(50) NOT NULL,
  `user_id` int(10) unsigned NOT NULL,
  `state` tinyint(3) unsigned NOT NULL DEFAULT '0',
  `type` tinyint(3) unsigned NOT NULL DEFAULT '0',
  `target_money` int(10) unsigned NOT NULL,
  `current_money` int(10) unsigned NOT NULL DEFAULT '0',
  `create_time` datetime NOT NULL DEFAULT CURRENT_TIMESTAMP,
  `end_time` datetime NOT NULL,
  PRIMARY KEY (`id`),
  KEY `project_fk_uid` (`user_id`),
  KEY `index_project_name` (`name`),
  CONSTRAINT `project_ibfk_1` FOREIGN KEY (`user_id`) REFERENCES `user` (`id`)
) ENGINE=InnoDB AUTO_INCREMENT=35 DEFAULT CHARSET=utf8 ROW_FORMAT=DYNAMIC;
/*!40101 SET character_set_client = @saved_cs_client */;

--
-- Dumping data for table `project`
--

LOCK TABLES `project` WRITE;
/*!40000 ALTER TABLE `project` DISABLE KEYS */;
INSERT INTO `project` VALUES (2,'领养孤儿小象，将它们从困境中解救！',1,22,1,33000,15026,'2018-07-11 09:15:22','2018-09-09 00:00:00'),(3,'居安当思危，爱心永无价',2,21,1,9000,6142,'2018-07-11 09:29:35','2018-07-31 00:00:00'),(5,'弟弟妹妹们，我们来了',1,22,1,20000,30000,'2018-07-11 09:44:56','2018-08-10 00:00:00'),(6,'“行益西南”——留守儿童体育器材捐赠',1,22,1,8000,10000,'2018-07-11 09:54:37','2018-08-10 00:00:00'),(7,'大山里菜籽油做饭就是香',1,21,3,18000,56,'2018-07-11 10:00:49','2018-08-30 00:00:00'),(8,'来自黄土高原，可以当面包的水蜜桃',2,21,3,25000,69,'2018-07-11 10:08:13','2018-08-30 00:00:00'),(9,'【长生野稻米】身边的生态无公害大米',1,21,3,20000,3,'2018-07-11 10:12:47','2018-09-09 00:00:00'),(13,'?Motswakwa/???????????',2,21,2,20000,0,'2018-07-11 11:07:14','2018-08-30 00:00:00'),(14,'《谁在看着》中国传媒大学',2,21,2,6000,0,'2018-07-11 11:10:36','2018-08-10 00:00:00'),(15,'《paper cranes》中国传媒大学2016级',2,21,2,5000,0,'2018-07-11 11:14:35','2018-07-21 00:00:00'),(17,'《诗之帝国》是我必将倾尽一生的诗歌信仰',2,21,4,52000,0,'2018-07-11 11:44:51','2018-08-20 00:00:00'),(18,'《叶问嫡传咏春拳诠真》弘扬国粹，光大咏春',1,21,4,90000,0,'2018-07-11 14:47:31','2018-08-30 00:00:00'),(20,'来自北影新锐动画人的视觉创意',1,6,5,20000,25083,'2018-07-11 14:53:31','2018-08-10 00:00:00'),(21,'蒲公英话剧社 · 《马桶独白》',2,21,4,7000,369,'2018-07-11 14:57:59','2018-07-21 00:00:00'),(22,'全国首支众筹女生业余足球队',2,21,5,100000,0,'2018-07-11 15:01:56','2018-08-30 00:00:00'),(23,'《绝地囚徒》封闭空间的悬疑电影',2,21,5,100000,0,'2018-07-11 15:06:12','2018-08-30 00:00:00'),(24,'敬老护幼：让灯光不再刺眼',2,21,6,70000,0,'2018-07-11 15:11:52','2018-08-10 00:00:00'),(25,'《拳民擂台》助力草根拳王英雄梦',2,21,6,2600,1,'2018-07-11 15:16:23','2018-08-10 00:00:00'),(26,'运动心电衣',2,21,6,10000,0,'2018-07-11 15:19:14','2018-08-10 00:00:00'),(27,'project1',55,21,0,10000,0,'2018-07-11 18:22:47','2018-09-01 00:00:00'),(34,'1',1,1,1,500,1,'2018-07-18 11:15:01','2018-07-28 00:00:00');
/*!40000 ALTER TABLE `project` ENABLE KEYS */;
UNLOCK TABLES;

--
-- Table structure for table `project_detail`
--

DROP TABLE IF EXISTS `project_detail`;
/*!40101 SET @saved_cs_client     = @@character_set_client */;
/*!40101 SET character_set_client = utf8 */;
CREATE TABLE `project_detail` (
  `id` int(10) unsigned NOT NULL,
  `id_number` varchar(18) NOT NULL,
  `name` varchar(255) NOT NULL,
  `phone` varchar(11) NOT NULL,
  `title` varchar(255) NOT NULL,
  `purpose` varchar(1024) NOT NULL,
  `location` varchar(40) DEFAULT NULL,
  `labels` varchar(40) DEFAULT NULL,
  `cover_story` varchar(8096) DEFAULT NULL,
  `additional` varchar(255) DEFAULT NULL,
  PRIMARY KEY (`id`),
  KEY `purpose` (`purpose`),
  KEY `name` (`name`),
  CONSTRAINT `project_detail_ibfk_1` FOREIGN KEY (`id`) REFERENCES `project` (`id`)
) ENGINE=InnoDB DEFAULT CHARSET=utf8 ROW_FORMAT=DYNAMIC;
/*!40101 SET character_set_client = @saved_cs_client */;

--
-- Dumping data for table `project_detail`
--

LOCK TABLES `project_detail` WRITE;
/*!40000 ALTER TABLE `project_detail` DISABLE KEYS */;
INSERT INTO `project_detail` VALUES (2,'452424197506151757','周杰伦','18877453764','领养孤儿小象，将它们从困境中解救！','大家好，我叫做CHAO，是上面这部作品《黑象2 生来自由》的作者。\r\n\r\n\r\n边旅行边拯救世界是我一直所坚持的。从我的第一部作品《黑象》到《荒漠守望者》、《无底洞》等等，都是在关注社会问题。但一己之力总是有限。\r\n\r\n\r\n所以，这次，希望你能加入我。一起领养一头孤儿小象，待他长大成人，再放回大自然中。这可能是你这辈子做过最好玩最有意义的一件事之一了！','上海上海市',NULL,'大家都在谈非洲象，但是亚洲象的数量要远远少于非洲象，而他们在娱乐旅游行业中的过度使用也让他们濒临灭绝。今年2月，我来到斯里兰卡，发现生活在斯里兰卡的锡兰象命运危在旦夕，因为环境恶化以及不断加剧的人象冲突。而很多野外的小象会因为父母被人抓走或者屠杀而独自漂流，在死亡边缘徘徊。而曾经救治大象的大象孤儿院也在国家动物园接手下变成了一个挂羊头卖狗肉的景点。\r\n\r\n\r\n但好消息是，拍摄期间，我来到乌达瓦拉维Udawalawe国家公园旁的大象过渡之家（Elephant Transit Home），它是由原本最初成立大象孤儿院的斯里兰卡野生动物保护部门（DWC，Department of Wildlife Conservation）于1995年成立，开始彻底代替大象孤儿院收容孤儿大象。相比著名网红景点Pinnawala Elephant Orphanage宾纳瓦拉大象孤儿院，这里是真的在救治小象，也会在小象4，5岁时将它们放归自然，真正进入到Udawalawe国家公园进行生活。\r\n\r\n\r\n从1995年至今，大象过渡之家每年大约收治15-20头因各种情况而失去象群的小象，并已经成功放归野外90头小象。但由于小象日常护理的开销（主要是食物，药费和活动场地维护）巨大，该政府组织为了更好的照顾受伤离散的小象，向民间发起了这个轮流抚养的活动。',NULL),(3,'452424197506151757','周杰伦','18877453764','居安当思危，爱心永无价','由于历史和地理位置等自然因素的制约，致使云南经济发展与其他省份相比还存在很大一部分差距。y云南与城市小学差距较大，教育资源分配不合理。大部分农村小学特别是村小设施不完备，教学设施陈旧，教学资源缺乏，部分课程的教育实施不够完善，从而影响教学质量，阻碍学生拓展知识面。各种文化体育课以及日常知识的实践活动由于缺少必要的教学资源，无法保证教学任务的完成。','云南省玉溪市',NULL,'十年生死两茫茫，自思量，难忘怀\r\n\r\n十年前的五月，突如其来的灾害让汶川大地变得千疮百孔\r\n\r\n十年后的今天，汶川得到了重生\r\n\r\n回望十年，长路漫漫，它成为了永远的伤痛\r\n\r\n“居安思危，思则有备，有备无患”\r\n\r\n我们铭记十年前的教训，不让悲剧再现。\r\n西南一隅的小山村，青色瓦屋的壁垣下\r\n\r\n一群活泼可爱的孩子，蹦蹦跳跳\r\n\r\n云南山区是地震多发的地带，孩子们随时可能身处危险。但他们灾害防范的意识比较薄弱，在他们的眼中，日常的防震防灾演练也许就只是打打闹闹，我们此次之行希望借助儿童急救灾包（医疗急救卫生用品，使用手册，应急包外包）以及安全教育课程的文具，让孩子们亲自体验危险发生时的处理方法，培养他们面对灾害和危险的反应技能。\r\n云南是一个多民族的省份，语言文字丰富多彩。语言使用主要有：母语型、双语型、多语型和母语转用型四种类型。云南各个民族除回族、满族、水族转用汉语外，其余都有自己的语言，使用的民族文字共22种，14个民族分别使用着22种民族文字或拼音方案。可以说,大部分少数民族群众仍以自己的母语为主要交际工具。当代社会，传统文化受到了冲击和挑战，如何在现代化过程中不断发展社会经济和保存自己的民族传统文化，提高文化教育素质，成为这些民族',NULL),(5,'452424197506151757','周杰伦','18877453764','弟弟妹妹们，我们来了','我从何方来\r\n\r\n——清华大学书脊支教团云南镇雄支队众筹\r\n\r\n当我们谈论支教时，我们在谈论些什么？是仅仅传播一些有限的知识吗？是以此求得身在优渥环境下的一种心安吗？是短期内就将孩子们塑造成才吗？不，都不是。我们的支教带孩子看到更广阔的世界，而不是凭空创造世界，引导孩子怎么捕捉生命的光芒，而不是妄自创造光芒。\r\n\r\n当我们谈论支教者时，我们在谈论什么人？仅是具有支教意愿的个体吗？单是我们这个由十二人组成的团队吗？还是只','北京北京市',NULL,'支教时间：2018年7月31日-8月10日\r\n\r\n支教地概况：\r\n\r\n这个夏天，我们所要赶赴的支教点，名为寨头小学，位于云南省昭通市镇雄县大湾镇仕里村寨头村民小组，是一处“一师一校点”。\r\n\r\n据调查，云南镇雄县地处乌蒙山区北麓，是一个拥有140余万人口的国家级贫困县。如果对贫困地区的教育事业有所了解，大家应该知道，农村完全小学，简称“村完小”，是教育资源匮乏的典型，也是教育重点帮扶的对象。这些村完小已经很艰苦了，而一师一校点，要比村完小所处地区更加偏僻、设施更加简陋。\r\n\r\n寨头小学就是如此，一百余个孩子，一位老师。\r\n\r\n构成整所学校的，是划分为小初班、小中班、小高班的年级，是三间可容纳45人的教室，两间办公室，陈旧简易的桌椅，粗糙无粉刷的墙面，以及一片勉强可算作操场的泥地草坪。\r\n\r\n这就是寨头小学的真实全貌，不到一百字就可描述完全，似乎乏善可陈，实则意蕴沉重。这所小学承载着几代人坚守它的艰辛，承载着百余孩子对未来充满希望的稚嫩的眼，承载着一位老师不甘放弃、值得尊敬的强大的心。\r\n\r\n我们将前往这个地方，为最需要帮助的人，带去他们应得的希望。\r\n\r\n课程：结合当地实际情况，我们经过慎重考虑，对常规课程内容进行了变通，不选择依照语数英模式进行教学，',NULL),(6,'452424197506151757','周杰伦','18877453764','“行益西南”——留守儿童体育器材捐赠','我们是获得清华大学校团委支持的“行益西南”公益实践支队，利用暑假实践前往【四川省南充市仪陇县（国家贫困县）柴井希望小学校】进行支教。\r\n此次活动主要面向的是家庭较为困难的【留守儿童】，对他们进行“体育与生理知识”的普及。本次众筹的【费用将完全用于为学校添置体育用品】。\r\n您的每一份爱心都能让孩子们更好地进行体育活动，请大家支持！','山东省淄博市',NULL,'根据中国民政部最新摸排结果，目前全国仍有902万农村留守儿童，巨大的留守儿童群体，面临着家庭监护和学校教育的双重缺失。在国家大力推进素质教育的今天，留守儿童的体育活动缺失问题更加突出。除了体育活动缺失的问题，中学阶段的留守儿童也需要接受更为专业和系统的生理知识教育。“行益西南”支教项目基于以上社会背景同时结合清华学子的社会责任，计划在西南地区留守儿童较为集中的中学开展体育活动体系构建与生理知识教育活动。\r\n项目将在四川省南充市仪陇县柴井乡八一希望小学校展开。\r\n\r\n希望发扬清华大学“行胜于言”的精神，希望在社会实践中“受教育、长才干、作贡献”，培养深厚的家国情怀和强烈的社会责任感。\r\n\r\n计划组织50～80名学生参与活动。课程内容主要是体育活动与生理知识教育、青春期性知识教育。另外，根据学校的体育设施情况，我们希望通过众筹完成对学校的体育器材和教学设备的捐赠。\r\n本支队由1名辅导员带队，9名本科生来自清华大学材料学校，建筑学院，社科学院，水利系等院系。',NULL),(7,'452424197506151757','周杰伦','18877453764','大山里菜籽油做饭就是香','近期市电子商务发展局为村上合作社进了黑猪仔，并通过农业众筹的方式预售黑猪，尽管没有销售多少，但是却引起了好多人关注，成县有好多其他村的合作社来我们村咨询黑猪养殖，甚至有其他地方的合作社咨询我们有没有销售的黑猪仔，宋坪乡还专门组织了全乡的合作社来到我们村上学习。我觉得互联网、电子商务真的能够起到很好的宣传作用，而互联网和电子商务也是现代社会村干部应该掌握的基本技能，电子商务帮助村民除了增收外，我觉得更让','甘肃省陇南市',NULL,'我叫李生刚，是宋坪乡申家河村的现任村主任。我出生于1970年，是一名土生土长的申家河村民，2008年第一次成为村委会的一名干部，2010年被村民推选为村委会主任，这是我连续第三届当选申家河村的村主任。2017年10月陇南市电商发展局开始帮扶申家河村，对于电子商务完全陌生的我， 也因为电子商务发展局的到来，开展尝试接触电子商务。原来只会玩微信的我，也先后开通了新浪微博、开办了微店、注册了抖音账号，邀请了媳妇和我一起拍摄了人身第一段抖音小视频，成为电商发展局干部口中的具备互联网思维的村干部。\r\n申河村位于成县宋坪乡东北处，离乡政府22公里，离县城60多公里，村上四面环山，山青水秀。申河村是成县宋坪乡较为偏远的一个乡村，民风淳朴，村名以种植玉米、小麦、黄豆、油菜籽为主要经济作物。村民收入主要以在外务工为主，村上2018年以前没有集体经济。\r\n这次我作为牵头发起人，由市电商发展局衔接，组成了由市电商发展局骨干力量，成县电商精英石径、魏菲利、杨峰等，以及成县幸福里开心农场的王宗军老师为核心发起人，市商务局、市电商发展局、宋坪乡人民政府为推进单位的菜籽油众筹项目。其中我负责组织本村优质的菜籽油的收购、运输工作，市电商发展局相关人员负',NULL),(8,'452424197506151757','周杰伦','18877453764','来自黄土高原，可以当面包的水蜜桃','谁能想象，黄土高原上种植的水蜜桃会是什么样子？\r\n有一款水蜜桃，她生于北京，却扎根于黄土高原，被誉为水蜜桃界的“风味皇后”。\r\n她的吃法与众不同。（双手掰开，拿掉桃核，剥掉皮，像面包一样吃）\r\n她被天水市政府评为优质农产品。\r\n她是甘肃省十大名果之一。\r\n她是国家地理标志产品。\r\n她曾入选《全国名优特新产品目录》。\r\n她曾荣获“中华名果”称号。\r\n她曾以一等奖的成绩获得奥运会专供资格，却因为黄土高原交通不便而无法进京拥抱奥运','北京北京市',NULL,'谁能理解，果农的匠人精神其实是憨出来的。\r\n\r\n\r\n有一个果农，生于黄土高原，八十年代高中毕业的他选择回家种地！自称“憨农”。\r\n\r\n他带领乡亲转行种果树。\r\n\r\n他自费考察并从山东引入套袋技术。\r\n\r\n他积极参与科研体系各项试验、示范项目。\r\n\r\n他被评为“果树农民技师”。\r\n\r\n他被评为“刘坪乡优秀果品经纪人”。\r\n\r\n他被秦安县新型农业社会化服务体系聘任为农技服务员。\r\n\r\n他被市林业局评为“全市种果状元户”。\r\n\r\n他被评为天水市“劳动模范”。\r\n\r\n他已经种出让人迷恋的水蜜桃，却因信息阻塞而无力把她送到更远的地方，无法带领乡亲们进一步脱掉贫困的帽子。\r\n\r\n\r\n他，是黄土高原上秦安县邓坪村心憨脑活的老果农——邓成来。\r\n谁能发现，与美味的距离，不是钱，仅仅是一次尝试的机会而已。\r\n\r\n\r\n我们是90后，热爱农业，一直在水果流通行业工作。\r\n\r\n我们2016年第一次吃到邓叔种的“北京七号”。\r\n\r\n我们决定每年都要跟邓叔买几盒“北京七号”品尝与分享。\r\n我们相信周围人们都喜欢“北京七号”的风味只不过没机会尝到。\r\n\r\n我们认为享受美味的成本不应该过高。\r\n\r\n我们希望能够搭起桥梁让更多身在北京的伙伴们尝到“北京七号”，让“北京七号”摆脱黄土高原的束缚，让憨农们的智慧与辛劳得到应有的回报。\r\n\r\n\r\n我们，',NULL),(9,'452424197506151757','周杰伦','18877453764','【长生野稻米】身边的生态无公害大米','一、我们的水稻是当世独一无二的轮回再生水稻，一季种植可多季收割，可以收15年到30年。\r\n\r\n二、我们的大米是国内目前富硒+富锌的大米，富硒，能抗癌防癌，锌是成长发育必不可少的微量元素，被誉为生命之花。\r\n\r\n三、我们的大米蛋白质含量81.7克/千克（普通大米最高的蛋白质含量70克/千克）\r\n\r\n一名老团长的种粮梦“一粒种子可以改变一个世界，一个品种可以造福一个民族。”袁隆平的杂交水稻是让人吃饱，我们的长生野稻是让人吃好。','重庆重庆市',NULL,'什么样的大米才是真正的好米？\r\n\r\n一款好米它与什么因素有关系？\r\n\r\n一款生态好米跟以下因素有关：水稻的品种、种植的环境、人为的参与（农药，化肥，除草剂的使用）\r\n\r\n\r\n一、稻种基因天赐\r\n\r\n长生野稻由采自米仓山深处的一株野稻经30余年导引培育而成，富含抗逆抗病、繁殖再生特强的优势，一次种植，多季（年）收割，轮回再生、生生不息。发达的根须，常年吸附、积淀、转化土壤中的微量元素，使稻米富含硒、锌、钙、碘、锶、锗等\r\n\r\n\r\n二、基地环境优良\r\n\r\n遴选千年优质稻区作为种植基地。基地地处海拔650-900米，无工业生态区，饮用水源地，四季分明、山清水秀、森林茂密，丘间稻田延绵、小溪蜿蜒穿行、塘库镶嵌其间，土地肥沃、雨量充沛、光照时长、昼夜温差大，森林覆盖率达67%，负氧离子含量达7.8万个/cm3。\r\n\r\n\r\n三、绿色种植生产\r\n\r\n严格按照《无公害农产品(食品)标准》组织生产，绝对保证不施除草剂、不打农药，采用稻田综合种养，物理防治（除草、灭虫、施肥）等，肥料施用有机复合肥和农家肥。\r\n\r\n\r\n四、稻米健康营养\r\n\r\n天人同构、天人合一、天然纯正的长生野稻米，氨基酸、蛋白质等高于普通大米10%左右。米饭口感香绵圆润、质感宽泛特别、松软劲道，易消化好吸收。煲粥汁浓醇香、品味悠然。长',NULL),(13,'452424197506151757','周杰伦','18877453764','《Motswakwa/客寄孤悬》伦敦艺术大学 ','Moreetsi Gabang 导演/编剧\r\n\r\n源于从小到大的生活环境，我一直受到很多跨文化交流的启发。能够与如此经验丰富的中国组员一起工作对我来说是一种莫大的荣幸，同时我们也将这个项目视作一个探索和加深中国与博茨瓦纳关系纽带的绝妙机会。除此之外，我们希望通过这次众筹，能够把这部电影分享给中国观众。由此，真诚地希望您能帮助我们一起来讲述这个故事，即使是细微的帮助也会帮助我们走的更长远。感激不尽！','上海上海市',NULL,'影片名称：《MOTSWAKWA/客寄孤悬》\r\n\r\n影片类型：剧情\r\n\r\n影片时长：20分钟\r\n\r\n拍摄日期：2018年7月\r\n\r\n拍摄地点：英国伦敦\r\n当一个十几岁的女孩和她父亲的政治避难申请被拒绝后，她必须将自己的天真和恐惧置于一旁，跨越法律的边界去维护他们的安全之地。\r\n当一个十几岁的女孩和她父亲的政治避难申请被拒绝后，她必须将自己的天真和恐惧置于一旁，跨越法律的边界去维护他们的安全之地。',NULL),(14,'452424197506151757','周杰伦','18877453764','《谁在看着》中国传媒大学','从2016年的“直播元年” 到2017的短视频的元年，自媒体就是这个时代缩影。从门户时代、电商时代、移动时代，到内容消费为主的内容时代，随之爆发的是各种各样的可以实时分享的app。当互联网铺天盖地，用无形的线织就一张大网，你可以借此成就自己，也可以借此毁掉他人；你可借此窥到别人的生活，而你的生活又在被谁注视。这部影片因此想要传递给大家一个讯息：对于网络，要三思。','北京北京市',NULL,'片名：《谁在看着》\r\n\r\n类型：剧情短片\r\n\r\n题材：社会、悬疑\r\n\r\n时长：15分钟\r\n\r\n语言：普通话\r\n\r\n拍摄地点：北京\r\n\r\n王络病态的迷恋微博小网红宋知非很久。一天他关注到了知非微博动态的定位，再加上知非与他的网络互动，他内心无法遏制的占有欲推动着他动身寻找她。经过一番周折，他终于锁定了知非家的位置，并强行进入她家。然而这一切都牵系着一个过去的故事，一个被这张巨网吞噬，失去所有希望的故事。\r\n\r\n当网络已经渗透社会，或许你不是黑客，或许你不是网红，可你的行踪仍可能被暴露，你的生活仍可能被消费。\r\n\r\n当你欲望发酵，当你自作聪明，这张网曾经成就你的成名梦，现在，也是这张网拉你堕无底深渊。\r\n\r\n在这张网里，你在看着她，可，谁在看着你？\r\n\r\n甘卓然	导演	17国传文产\r\n\r\n徐健翔	现场导演	17国传文产\r\n\r\n傅欣然	制片人 17国传文产\r\n\r\n占堆次旺	摄影 15通信工程\r\n\r\n张欣然	摄影	17国传文产\r\n\r\n周海帆	编剧 17国传文产\r\n\r\n鲁可人	服化道	17国传文产\r\n\r\n王野苹	后期	17国传文产',NULL),(15,'452424197506151757','周杰伦','18877453764','《paper cranes》中国传媒大学2016级','《paper cranes》的主创团队由来自中国传媒大学的4位2016级文化产业管理（影视制片管理方向）的学生，以及1位2017级文化产业管理（中外合作）的学生组成，并由影视摄影与制作、电子信息工程、数字媒体艺术（影视方向）的同学进行协助。','北京北京市',NULL,'作品以校园霸凌为切入点，以中传的真实事件--中水事件为故事背景，表现群体中的主流舆论与个人不同意见的冲突。\r\n\r\n\r\n经过两个多月的灵感碰撞，《paper cranes》的最终版剧本从四版不同的故事中孕育出来，分镜设计、剧组组建、场地选择、服化道筹备有序进行，拍摄分两天进行，最终于2018年5月13日杀青，现已进入后期制作阶段。\r\n\r\n学校里，同学们因为“中水事件”义愤填膺，而陈茂却持有相反的看法。关于学校的负面言论传到老师耳中，同学认定是陈茂告密，一场针对陈茂的“讨伐”大战由此拉开。经历了无休止的羞辱后，陈茂对自己的命运做出了抉择……面对浮出水面的真相，同学们的态度发生了转变……\r\n\r\n《paper cranes》是中国传媒大学的4位2016级文化产业管理（影视制片管理方向）以及1位2017级文化产业管理（中外合作）的学生作品，已获得学部证明。\r\n',NULL),(17,'452424197506151757','周杰伦','18877453764','《诗之帝国》是我必将倾尽一生的诗歌信仰','我的诗歌与我的残疾无关。坚持写诗，在人海里读我的诗，是我的诗歌自信和存在意义!\r\n\r\n','广西壮族自治区桂林市',NULL,'出生时，因母亲的难产造成我大脑运动神经障碍，成为一名脑瘫残疾人。从小受尽冷眼，是文学——《钢铁是怎么炼成的》、《轮椅上的梦》，使我看到了生命的曙光，在父母的鼓励和支持下，我开始写作，逐渐走向文学这条道路，为了让我在文学上走得更远，高中毕业后，父母省吃俭用勒紧裤腰带，送我到北京师范大学读自考，才有了我在北京独自生活的经历。也许是不够坚强与坚持，北漂了六年后，最终选择逃离，回到父母身边。诗歌的理想我没有放弃，一直坚持写诗。2014年在经历一段失败的婚姻后，我突然有重返北京的念想，找回自己，故在朋友的支持下出版了诗集《我的北漂我的诗》，想靠在天桥或地下通道，或在北大清华校园里卖诗来维持我在北京的生活。虽没有如愿重返北京，在新的爱河里，我在广西贺州小城里开始面向往来行人读诗卖起诗。卖诗不是目的，让更多的人知道我走进我的诗歌，才是我的存在意义。二度新婚后又加印了《我的北漂我的诗》，后又印了《诗之帝国》，在小城里一本一本地坚持卖了三年。',NULL),(18,'452424197506151757','周杰伦','18877453764','《叶问嫡传咏春拳诠真》弘扬国粹，光大咏春','咏春拳是一门蕴含丰富哲学思想，同时又包含深厚中国文化精髓的武术体系。动作朴实无华，精简实用，柔化至刚，灵变厚实，以开拓思维，发掘潜能而享誉全世界，成为中国功夫在海外的代名词。\r\n\r\n本书巜叶问嫡传咏春拳诠真》一书，由叶问传人杨传宝老师编著。中国人民解放军上将乔清晨同志为本书亲笔题词：咏春正统。计划众筹出版，旨在弘扬中国传统文化，把中国功夫推向全世界。','广东省佛山市',NULL,'杨传宝，男，生于湖北，出身武术世家，自幼习武。早年师从著名武术家万籁声先生习少林六合拳。后承叶问宗师弟子习咏春拳术。广学博采，融会贯通，独树一帜。\r\n\r\n十余年来，以弘扬中华武术为己任，学生遍布中、美、英、日、德、俄罗斯、新加坡等国家和地区。系东莞理工学院城市学院兼职教授。\r\n\r\n1、支持2元\r\n\r\n从此档中每50位抽取一名幸运用户，赠送杨传宝先生亲笔签名图书《叶问嫡传咏春拳诠真》一本，抽奖由众筹网官方抽取，抽奖名单将在众筹结束后公布。\r\n\r\n\r\n2、支持48元\r\n\r\n\r\n杨传宝先生亲笔签名图书《叶问嫡传咏春拳诠真》一本。\r\n\r\n\r\n3、支持198元\r\n\r\n\r\n1）杨传宝先生亲笔签名图书《叶问嫡传咏春拳诠真》一本。\r\n\r\n\r\n2）免费开办为期一周的咏春拳短训班。将按照课程安排，学习咏春拳的基本套路和对练，感受传统武术中所蕴含的刚柔并济的古人智慧和哲学思想。\r\n\r\n\r\n4、支持498元\r\n\r\n\r\n1）杨传宝先生亲笔签名图书《叶问嫡传咏春拳诠真》一本。\r\n\r\n\r\n2）免费开办为期两周的叶问嫡传108式木人桩法。\r\n\r\n\r\n5、支持9999元（限10人）\r\n\r\n\r\n1）杨传宝先生亲笔签名图书《叶问嫡传咏春拳诠真》一本。\r\n\r\n\r\n2）收为弟子，终身免费学习。',NULL),(20,'452424197506151757','周杰伦','18877453764','来自北影新锐动画人的视觉创意','北京电影学院动画学院（简称“动画学院”）成立于2000年1月，他的前身是北京电影学院美术系动画专业。该专业最初成立于1952年，经过半个多世纪的发展，已经建立了一整套完整的教学体系和科学培养方法，拥有国内最完善的影视动画教学实习设施和最优秀的师资队伍，是中国动画殿堂级学府。动画学院的写生、绘画课程是建立在动画视角的基础之上，是学院特色教育建设的重要成果。','北京null',NULL,'“下乡写生”是动画院校和艺术院校艺术专业学生的必修实践课程，可使学生“行万里路”去体验不同于自己生活的另一种文化，读“万卷书”来开阔自己的眼界、获取创作的素材，这样在日后的专业创作中就可“读书破万卷，下笔如有神”了。\r\n\r\n本下乡写生作品集收录了北京电影学院动画学院动画艺术、电脑动画、漫画、游戏设计专业大二学生、研究生（2014级和2015级）近两年的优秀作品，共计611幅。\r\n\r\n北京电影学院动画学院的“下乡写生”课程，是以写生为主要教学形式的实践教学，能够使学生从课堂走向大自然，体验乡村生活。一方面，扩大了写生的范围，从课堂以人物为主要表现对象的速写扩展到以动物、植物、建筑、风景、生活道具等无限内容为题材的多种速写形式的训练，以培养学生全面的造型能力、表现能力和处理与构成画面的综合能力；另一方面，在社会实践中开阔学生的想象空间，丰富学生的艺术感受，贴近生活，发现素材等。\r\n\r\n书中按照不同专业学生的写生作品进行编排，力求直观、具体，贴近实际，可作为高等院校动画、漫画、游戏艺术设计方向学生的参考用书。',NULL),(21,'452424197506151757','周杰伦','18877453764','蒲公英话剧社 · 《马桶独白》','这样一场“生涩”的舞台剧自然需要用最“声色”的方式呈现。为了丰富此剧的可看性，我们在制作过程中，不断改良剧本和表现形式，企图用音乐、肢体、视听等方式摆脱“独白”的枯燥定义，给观众带来一场感官与心灵的双重饕餮（目前看来，我们的企图成功了大半）。为此，我们需要您的支持！','北京北京市',NULL,'目前整部剧的预算还需要1万元人民币。由于主创大都是热爱戏剧的非职业演员，大家的无私奉献给本剧节省了不少开支。然而完成一部舞台剧，仍有许多其他的开销，例如：\r\n\r\n\r\n为了还原角色性格，我们需要购买和制作演员的服装；\r\n\r\n为了拥有专业级视觉体验，我们需要租赁灯光器材；\r\n\r\n为了呈现五场风格迥异的故事场景，我们需要精巧地布置舞台及道具。\r\n\r\n\r\n\r\n本次众筹计划持续10天，众筹收到的款项和实际用途我们将在演出结束后进行详细公示，并对每一个留下联系方式的捐助人送去感谢。\r\n制作人：阮\r\n\r\n导演：阮 白薇\r\n\r\n编剧：白薇\r\n\r\n演员：冯凯璇 大周 习习 老干部 紫薇 戴意楠 阮 王鶯 杨紫琦 丁儿 冬萍 Liao 白薇\r\n\r\n原创主配乐：郑羽翔\r\n\r\n现场演奏：郑羽翔\r\n\r\n副配乐：白薇 甘威\r\n\r\n原创编舞：Bestwishes lvan WONG\r\n\r\n舞美设计：白薇 紫薇\r\n\r\n道具设计：紫薇 白薇\r\n\r\n灯光设计：刘锋\r\n\r\n妆发设计：刘柯 吴斯建\r\n\r\n平面设计：紫薇\r\n\r\n制作助理：吴静雨\r\n\r\n舞台监督：吴静雨\r\n\r\n剧照：吴静雨\r\n\r\n特别场地支持：空体新媒体实验室',NULL),(22,'452424197506151757','周杰伦','18877453764','全国首支众筹女生业余足球队','女足事业并非单个企业单个个体的热情所能支撑的，而是全民关注和支持，职业女足走的路很窄，但是业余女足可以将快乐足球理念渗透到每个跟她们踢足球的男生的骨子快乐之中，很多天津业余球队都希望能够跟女生队比赛交流，正因为广大球友的迫切需要，本俱乐部很执着认真无条件的支持这帮女生继续追寻她们的足球梦，同时也能给大家带来别样的足球快乐。','天津天津市',NULL,'球队状况：\r\n\r\n津软女足组建于2017年10月，是由一帮足球热爱着自发组织的女生业余足球队，球队目前拥有50名来自社会各地的女生队员，每周末同天津男生业余足球队比赛，在天津业余足球圈小有名气，球队服装、保险、设备、药品由天津津软科技有限公司赞助，欢迎各界人士支持业余女足。\r\n\r\n球队结构：\r\n\r\n球队总队领队一名，队医一名，财务一名，摄像师一名，文案一名，球迷队长一位。\r\n\r\n目前队内接近50人，每周末在天津不同足球场(主场：天津大学)同男生业余足球队比赛，出勤率一般接近16人，每周四晚上18：00-21:00在南开大学体育场训练并且招募新人，按照每周招募2名女生的预期，力争在18年年内实现4支球队160人的规模。\r\n\r\n组建每个区域的分队\r\n\r\n每区域分队设领队一名，代理教练一名\r\n\r\n后期发展球迷团80-200人。\r\n\r\n\r\n球队特色：\r\n\r\n每周末同男生业余队的比赛之前会发布赛前海报\r\n\r\n每周末同男生业余队的比赛期间会直播（映客、YY、微信直播、斗鱼、今日头条等知名媒体）比赛，到时候分发链接到各个足球群、贴吧、论坛等球迷聚集的地方邀请大家观看直播。\r\n\r\n待时机成熟将会正式举行声势浩大的津软女足新闻发布会，邀请媒体、行业领军人、天津业余足球圈关注我们的球友等参加。',NULL),(23,'452424197506151757','周杰伦','18877453764','《绝地囚徒》封闭空间的悬疑电影','我们电影拍摄周期为15天左右，目前整个电影制作成本为30万人民币，已有20万，目前资金缺口10万，我们励志做出精品黑马影片，如果我们在众筹网集资成功，那将会为我们的制作带来极大的帮助。我们将在这里实时更新制作进展。感谢您给予我们的关注与支持！','北京北京市',NULL,'片名《绝地囚徒》\r\n\r\n影片类型：悬疑/冒险\r\n\r\n时长：90分钟\r\n\r\n拍摄周期：15天\r\n\r\n拍摄地点：山东省潍坊市\r\n\r\n项目亮点：创意新颖、故事性强、同类型影片都获得了较大的成功。\r\n\r\n资金缺口/集资目标：100000RMB\r\n\r\n为了躲避高利贷追杀的一凡带着患病的妹妹逃亡到一处没有人住的老宅之内，然而这处老房子的神秘主人曾精心设置了一个机关重重的密室，就在这一夜，唯一知道密室里秘密的歹徒悄然至此，意外就这样发生了，误会被追杀的一凡带着妹妹恰巧触动了机关，躲进了密室，匪徒不达目的绝不罢休，而一凡为了保命只能与三个匪徒斗智斗勇。但这也导致了他们之间的尴尬境地。双方都被命运纠缠在一起，匪徒想要进入安全性极高的密室，窃取价值可观的财富，却不得其法，于是双方展开了一场事关生死的周旋。\r\n我们致力于优秀影视作品的拍摄与制作，基于移动互联网娱乐的理念，打造最接近观众的影视作品。\r\n\r\n我们关注三个内容方向，小而精品电影的开发，剧本IP艺术创作，媒体娱乐大众参与。',NULL),(24,'452424197506151757','周杰伦','18877453764','敬老护幼：让灯光不再刺眼','我，一个80后中青年，少见的和父母生活在一起，有一次晚上玩手机1点多钟的时候，听到厕所有声音传来，看到门缝下传来光线，问了后才知道，是父亲上厕所。\r\n\r\n第二天吃早餐时，随意聊起上厕所的事，父亲说他年纪大了，60多了，每天晚上都要起来上厕所，每次开灯都特别刺眼。后来我查了资料，确实，不少老年人都有这样的经历，每天夜里要上几趟厕所，但是灯光一直都没有很好的夜起模式。\r\n\r\n就这样，我们决心做一款适合中老年人的LED灯。','上海上海市',NULL,'【开关一下月光模式，方便老人夜起不摔跤】\r\n\r\n解释：\r\n\r\n不改变原有电路，就用开关，开关一下月光模式，照亮爸妈夜起的路。目前市面产品无此功能，因为需要芯片编程，但是没有产量，所以目前市场产品都是2种的量产程序①开一下白光②开一下白光，开一下黄光，开一下中性光。\r\n\r\n\r\n【开关二下护眼模式，护眼不近视（4500K色温晨光设计）】\r\n\r\n解释：\r\n\r\n晨光设计：顾名思义，早晨太阳刚起来时候的色温，就是4500K，这种色温是最护眼的，我们小时候使用的防近视纸就是这种颜色。\r\n\r\n无影设计：为防近视，采用大圆环无影光源设计，可以使照射到桌面的光线没有阴影，保护孩子视力。\r\n\r\n\r\n【发扬爱老敬老，抑制欺骗老人的风气】\r\n\r\n解释：\r\n\r\n此想法来源于，某天看到一些老人家，拿着一些鸡蛋，喜滋滋的跟我们年轻人一起挤电梯。后来才知道，是一些不良保健品公司，以赠送鸡蛋的形式来引诱老人家来买他们的保健品！！！社会上诈骗老人的事情太多了！',NULL),(25,'452424197506151757','周杰伦','18877453764','《拳民擂台》助力草根拳王英雄梦','曾经有许多拳手，有着心中的拳王梦，但真正追梦时，比赛的机会却少之又少，在日复一日的枯燥训练之后，却得不到比赛的机会，于是许多有潜力的拳手慢慢看不到希望，慢慢的收起了心中的那份梦想，当回归到现实生活当中之后，却又想起心中那最初的梦想，或心有不甘、或默默流泪、或遗憾终生、或在错过身体黄金时期后勉强复出追梦。','湖南省长沙市',NULL,'培养拳手最好的方式就是给他比赛机会，让他通过比赛展示自己，增长比赛经验，让他一步一步走上更高的擂台，打出国门，挑战国外的高手。\r\n\r\n\r\n英雄不怕流血，不怕炼狱般的追梦生活。\r\n\r\n\r\n他们顶着来自家庭、社会四面八方的压力。\r\n\r\n\r\n勇敢、执着的追随心中的梦想。\r\n\r\n\r\n英雄无惧，英雄也无悔，但英雄只怕“英雄无用武之地”\r\n\r\n\r\n来吧，一起众筹起“英雄的擂台”让他们的拳王梦更近一步。\r\n这是一场现代搏击与传统武术的习练者之间的对抗，姜子维练习搏击近一年，姜子维这个选手有一段非常励志的故事，进拳馆之前是一个两百斤的胖子，因为是虚胖，所以体重并没有给他带来力量上的优势，相反他刚开始时力量还不如五十多公斤的其他队友，虽然姜子维底子有点弱，但是他有个看似不可能的想法，就是以后要征战职业擂台。教练见他有一颗勇士的心，并下决心要将他训练出打擂台的能力，首先第一个目标就是要让姜子维减肥降重，姜子维也是很配合各项训练，居然创下了拳馆会员最快减肥记录，仅仅四十多天，减下了近六十斤体重。',NULL),(26,'452424197506151757','周杰伦','18877453764','运动心电衣','这是我的一个亲身经历，由于身体肥胖，想减肥，在各个减肥场所都去过，在减肥过程中，期望有一个东西能反应我的运动状态，了解自己的运动是否健康，但是，目前市面上没有，由于过度运动造成身体其他问题，所以经历这个事情后，在一个合适的机会认识健康管理专家，有这样一个解决方案，所以研发了这样一款运动检测背心，在运动过程中实时检测自己的运动状态，当出现问题时，即时提醒人员，做到健康运动。','北京北京市',NULL,'我们是一支专业互联网医疗团队，我们来自华为、中兴等世界500强的IT精英、医疗界的资深医生、经验丰富的互联网医疗推广等各界精英组成。多年互联网医疗行业经验，有很强的专家资源整合能力。我们是一支创新的团队，我们无论是在商业模式，产品设计，服务模式等各方面都富有创新意识。\r\n理想是美好的，现实是残酷的，在研发这样一个产品需要大量的资金，而目前产品已经出来，但是公司资金却短缺，需要大家的支持，伸出援助之手。\r\n',NULL),(34,'41130000000000','SECERT','13200000000','1','1','安徽省巢湖市',NULL,'1',NULL);
/*!40000 ALTER TABLE `project_detail` ENABLE KEYS */;
UNLOCK TABLES;

--
-- Table structure for table `return_level`
--

DROP TABLE IF EXISTS `return_level`;
/*!40101 SET @saved_cs_client     = @@character_set_client */;
/*!40101 SET character_set_client = utf8 */;
CREATE TABLE `return_level` (
  `id` int(10) unsigned NOT NULL AUTO_INCREMENT,
  `project_id` int(10) unsigned NOT NULL,
  `return_type` tinyint(3) unsigned NOT NULL,
  `order_money` int(10) unsigned NOT NULL,
  `return_detail` varchar(255) NOT NULL,
  PRIMARY KEY (`id`),
  UNIQUE KEY `unique` (`project_id`,`order_money`),
  KEY `fk_returnlevel_pid` (`project_id`)
) ENGINE=InnoDB AUTO_INCREMENT=33 DEFAULT CHARSET=utf8 ROW_FORMAT=DYNAMIC;
/*!40101 SET character_set_client = @saved_cs_client */;

--
-- Dumping data for table `return_level`
--

LOCK TABLES `return_level` WRITE;
/*!40000 ALTER TABLE `return_level` DISABLE KEYS */;
INSERT INTO `return_level` VALUES (1,2,1,100,'由CHAO定制的四款《黑象2》明信片和斯里兰卡官方和GLIMPSE魔眼联合的电子证书。'),(2,3,1,50,'爱的邮寄：盖有云滇海燕logo邮戳的明信片，孩子亲手制作'),(3,4,1,100,'学生感谢信或者手写印制清华大学明信片一份'),(4,5,1,300,'学生感谢信一封或学生手写印制清华大学明信片一份'),(5,6,1,50,'资助金额50元可获得当地精美明信片\r\n\r\n资助金额达到200元可获得当地拍摄的影集\r\n\r\n资助金额达到500元可获得课程教案'),(6,7,1,60,'60元——菜籽油5斤\r\n110——菜籽油10斤\r\n400——菜籽油40斤'),(7,8,1,58,'支持58元，获得“北京七号”1盒。\r\n\r\n支持278元，获得“北京七号”5盒。\r\n\r\n支持58元，获得“北京七号”1盒。'),(8,9,1,15,'支持15元，获得长生野稻米500g体验装一袋。\r\n\r\n支持68元，获得长生野稻米2.5 kg 布袋装一袋。\r\n\r\n支持88元，获得长生野稻米2.5 kg 礼盒装一盒。\r\n\r\n支持138元，获得长生野稻米5 kg 礼盒装一盒。'),(9,10,1,123,'dasdasd'),(10,11,2,100,'纪录片片尾鸣谢'),(11,12,2,50,'感谢您的支持\r\n我们将会向您发送感谢信一封\r\n请您留下您的姓名与联系方式，我们将对您的支持表示诚挚的感谢'),(12,13,2,100,'支持100元或更多\r\n1.第一时间在线观看高清全片\r\n2.主创电子感谢信一封（请留下您的邮箱）\r\n3.高清海报原图一张（电子版）\r\n4.您的名字将会出现在片尾字幕“特别感谢”中\r\nPS：成片预计2018年年末出片，关于成片的回报，如高清视频、光碟、片尾鸣谢等届时兑现。'),(13,14,2,100,'特别感谢\r\n片尾鸣谢名单中署名\r\n我们将发送电子版成片一份、电影剧照于花絮一份\r\n请留下您的姓名与联系方式，我们将对于您的支持表示真诚的感谢！'),(14,15,2,100,'片尾字幕感谢+电子成片\r\n详情请以项目信息中的“项目回报”这一板块为准，请先仔细阅读“项目回报”板块中的内容再进行投资，谢谢配合！\r\n回报内容：在作品片尾字幕对投资者进行感谢，为投资者提供作品的电子成片（请提供姓名及邮箱）\r\n'),(15,16,1,12,'sadas'),(16,17,1,58,'作者签名新书一本'),(17,18,1,2,'具体回报等级见上'),(18,20,1,98,'¥98\r\n\r\n感谢您的支持，您将获得：《北京电影学院动画学院下乡写生作品集》（定价98元）1本+北京电影学院动画学院名师指点写生微课1个名额+精美礼品1份\r\n\r\n\r\n¥188\r\n\r\n感谢您的支持，您将获得：《北京电影学院动画学院下乡写生作品集》（定价98元）2本+北京电影学院动画学院名师指点写生微课2个名额+精美礼品2份'),(19,21,1,20,'·        演出当天指定入场名额（单人及多人）\r\n\r\n·        限量定制明信片和徽章\r\n\r\n·        限量定制纪念T恤\r\n\r\n·        限量定制环保袋\r\n\r\n·        演出现场视频纪念光盘\r\n\r\n·        剧组聚餐见面会和探班观剧机会\r\n\r\n·        线上鸣谢'),(20,22,2,50,'\r\n您可以参加球队每周末的比赛\r\n跟女生们一起做队友踢足球'),(21,23,1,100,'片头片尾署名：\r\n\r\n联合出品人、\r\n\r\n联合制片人、\r\n\r\n联合策划人\r\n\r\n特别鸣谢人\r\n\r\n赠送混剪花絮一份，\r\n\r\n优先观影权加密成片拷贝'),(22,24,1,49,'支持49元，获得1个32瓦LED分段光源模组。\r\n\r\n支持135元，获得3个32瓦LED分段光源模组。\r\n\r\n支持390元，获得10个32瓦LED分段光源模组。'),(23,25,1,50,'1、支持50元，可以到现场免费观赛。\r\n\r\n2、支持100元，可以参加抽奖。\r\n\r\n3、支持200元，赠送拳击魔力球一个，请留下您的收货地址，我们通过快递送至您的府上。'),(24,26,1,699,'运动心电衣1件 + 智能心电监测模块1套\r\n感谢您对金医网运动心电衣项目的支持，您将以众筹价699元，获得参考价1200元1件运动心电衣 + 1套智能心电监测模块。（款式尺寸自选）\r\n'),(32,34,1,1,'1');
/*!40000 ALTER TABLE `return_level` ENABLE KEYS */;
UNLOCK TABLES;

--
-- Table structure for table `trade`
--

DROP TABLE IF EXISTS `trade`;
/*!40101 SET @saved_cs_client     = @@character_set_client */;
/*!40101 SET character_set_client = utf8 */;
CREATE TABLE `trade` (
  `id` int(10) unsigned NOT NULL AUTO_INCREMENT,
  `user_id` int(10) unsigned NOT NULL,
  `info` varchar(255) NOT NULL,
  `time` datetime NOT NULL DEFAULT CURRENT_TIMESTAMP,
  `money` int(10) NOT NULL,
  PRIMARY KEY (`id`),
  KEY `user_id` (`user_id`),
  CONSTRAINT `trade_ibfk_1` FOREIGN KEY (`user_id`) REFERENCES `user` (`id`)
) ENGINE=InnoDB AUTO_INCREMENT=30 DEFAULT CHARSET=utf8 ROW_FORMAT=DYNAMIC;
/*!40101 SET character_set_client = @saved_cs_client */;

--
-- Dumping data for table `trade`
--

LOCK TABLES `trade` WRITE;
/*!40000 ALTER TABLE `trade` DISABLE KEYS */;
INSERT INTO `trade` VALUES (1,1,'余额支付','2018-07-11 22:56:25',1),(2,1,'余额支付','2018-07-11 22:57:07',100),(3,1,'余额支付','2018-07-12 00:43:22',83),(4,5,'撤销返款到账','2018-07-12 00:48:23',10295),(5,5,'撤销返款到账','2018-07-12 00:48:23',10388),(6,9,'撤销返款到账','2018-07-12 00:48:23',10326),(7,2,'撤销返款到账','2018-07-12 00:48:23',10114),(8,4,'撤销返款到账','2018-07-12 00:48:23',10111),(9,1,'撤销返款到账','2018-07-12 00:48:23',9980),(10,1,'支付宝支付','2018-07-12 01:43:51',123),(11,1,'余额支付','2018-07-12 04:09:38',10),(12,102,'余额支付','2018-07-12 04:50:59',1000),(13,102,'支付宝支付','2018-07-12 04:52:01',10),(14,102,'支付宝支付','2018-07-12 05:04:12',1),(15,102,'余额支付','2018-07-12 06:55:41',12),(16,102,'支付宝支付','2018-07-12 06:57:08',13),(17,102,'余额支付','2018-07-12 06:58:18',10),(18,1,'提款到账','2018-07-12 07:17:58',10000),(19,1,'余额支付','2018-07-12 07:18:27',69),(20,1,'余额支付','2018-07-12 09:21:16',1000),(21,1,'支付宝支付','2018-07-12 09:22:38',10),(22,1,'余额支付','2018-07-12 09:39:46',600),(23,1,'提款到账','2018-07-12 09:40:28',600),(24,1,'提款到账','2018-07-12 09:41:42',25000),(25,1,'余额支付','2018-07-12 10:11:59',1000),(26,1,'支付宝支付','2018-07-12 10:13:11',10),(27,1,'余额支付','2018-07-12 10:16:41',83),(28,1,'提款到账','2018-07-12 10:27:23',25083),(29,1,'余额支付','2018-07-18 11:16:34',1);
/*!40000 ALTER TABLE `trade` ENABLE KEYS */;
UNLOCK TABLES;

--
-- Table structure for table `user`
--

DROP TABLE IF EXISTS `user`;
/*!40101 SET @saved_cs_client     = @@character_set_client */;
/*!40101 SET character_set_client = utf8 */;
CREATE TABLE `user` (
  `id` int(10) unsigned NOT NULL AUTO_INCREMENT,
  `username` varchar(20) NOT NULL,
  `password` varchar(20) NOT NULL,
  `money` int(10) unsigned NOT NULL DEFAULT '0',
  `phone` varchar(11) DEFAULT NULL,
  `mail` varchar(30) DEFAULT NULL,
  PRIMARY KEY (`id`),
  UNIQUE KEY `unique_username` (`username`)
) ENGINE=InnoDB AUTO_INCREMENT=104 DEFAULT CHARSET=utf8 ROW_FORMAT=DYNAMIC;
/*!40101 SET character_set_client = @saved_cs_client */;

--
-- Dumping data for table `user`
--

LOCK TABLES `user` WRITE;
/*!40000 ALTER TABLE `user` DISABLE KEYS */;
INSERT INTO `user` VALUES (1,'username1','password1',67979,'18800010002','980000000@qq.com'),(2,'qaz','123',10159,'18877453764','fanke186@163.com'),(3,'username100','password100',9958,'18000000000','11111@mail1111'),(4,'username2','password2',10149,'18002300002','666600002@qq.com'),(5,'username3','password3aaa',10409,'18002300003','666600003@qq.com'),(6,'username4','password4',10061,'18002300004','666600004@qq.com'),(7,'username5','password5',9985,'18002300005','666600005@qq.com'),(8,'username6','password6',10000,'18002300006','666600006@qq.com'),(9,'username7','password7',10413,'18002300007','666600007@qq.com'),(10,'username8','password8',10000,'18002300008','666600008@qq.com'),(11,'username9','password9',10000,'18002300009','666600009@qq.com'),(12,'username10','password10',10000,'18002300010','666600010@qq.com'),(13,'username11','password11',10000,'18002300011','666600011@qq.com'),(14,'username12','password12',10000,'18002300012','666600012@qq.com'),(15,'username13','password13',10000,'18002300013','666600013@qq.com'),(16,'username14','password14',10000,'18002300014','666600014@qq.com'),(17,'username15','password15',10000,'18002300015','666600015@qq.com'),(18,'username16','password16',10000,'18002300016','666600016@qq.com'),(19,'username17','password17',10000,'18002300017','666600017@qq.com'),(20,'username18','password18',10000,'18002300018','666600018@qq.com'),(21,'username19','password19',10000,'18002300019','666600019@qq.com'),(22,'username20','password20',10000,'18002300020','666600020@qq.com'),(23,'username21','password21',10000,'18002300021','666600021@qq.com'),(24,'username22','password22',10000,'18002300022','666600022@qq.com'),(25,'username23','password23',10000,'18002300023','666600023@qq.com'),(26,'username24','password24',10000,'18002300024','666600024@qq.com'),(27,'username25','password25',10000,'18002300025','666600025@qq.com'),(28,'username26','password26',10000,'18002300026','666600026@qq.com'),(29,'username27','password27',10000,'18002300027','666600027@qq.com'),(30,'username28','password28',10000,'18002300028','666600028@qq.com'),(31,'username29','password29',10000,'18002300029','666600029@qq.com'),(32,'username30','password30',10000,'18002300030','666600030@qq.com'),(33,'username31','password31',10000,'18002300031','666600031@qq.com'),(34,'username32','password32',10000,'18002300032','666600032@qq.com'),(35,'username33','password33',10000,'18002300033','666600033@qq.com'),(36,'username34','password34',10000,'18002300034','666600034@qq.com'),(37,'username35','password35',10000,'18002300035','666600035@qq.com'),(38,'username36','password36',10000,'18002300036','666600036@qq.com'),(39,'username37','password37',10000,'18002300037','666600037@qq.com'),(40,'username38','password38',10000,'18002300038','666600038@qq.com'),(41,'username39','password39',10000,'18002300039','666600039@qq.com'),(42,'username40','password40',10000,'18002300040','666600040@qq.com'),(43,'username41','password41',10000,'18002300041','666600041@qq.com'),(44,'username42','password42',10000,'18002300042','666600042@qq.com'),(45,'username43','password43',10000,'18002300043','666600043@qq.com'),(46,'username44','password44',10000,'18002300044','666600044@qq.com'),(47,'username45','password45',10000,'18002300045','666600045@qq.com'),(48,'username46','password46',10000,'18002300046','666600046@qq.com'),(49,'username47','password47',10000,'18002300047','666600047@qq.com'),(50,'username48','password48',10000,'18002300048','666600048@qq.com'),(51,'username49','password49',10000,'18002300049','666600049@qq.com'),(52,'username50','password50',10000,'18002300050','666600050@qq.com'),(53,'username51','password51',10000,'18002300051','666600051@qq.com'),(54,'username52','password52',10000,'18002300052','666600052@qq.com'),(55,'username53','password53',10000,'18002300053','666600053@qq.com'),(56,'username54','password54',10000,'18002300054','666600054@qq.com'),(57,'username55','password55',10000,'18002300055','666600055@qq.com'),(58,'username56','password56',10000,'18002300056','666600056@qq.com'),(59,'username57','password57',10000,'18002300057','666600057@qq.com'),(60,'username58','password58',10000,'18002300058','666600058@qq.com'),(61,'username59','password59',10000,'18002300059','666600059@qq.com'),(62,'username60','password60',10000,'18002300060','666600060@qq.com'),(63,'username61','password61',10000,'18002300061','666600061@qq.com'),(64,'username62','password62',10000,'18002300062','666600062@qq.com'),(65,'username63','password63',10000,'18002300063','666600063@qq.com'),(66,'username64','password64',10000,'18002300064','666600064@qq.com'),(67,'username65','password65',10000,'18002300065','666600065@qq.com'),(68,'username66','password66',10000,'18002300066','666600066@qq.com'),(69,'username67','password67',10000,'18002300067','666600067@qq.com'),(70,'username68','password68',10000,'18002300068','666600068@qq.com'),(71,'username69','password69',10000,'18002300069','666600069@qq.com'),(72,'username70','password70',10000,'18002300070','666600070@qq.com'),(73,'username71','password71',10000,'18002300071','666600071@qq.com'),(74,'username72','password72',10000,'18002300072','666600072@qq.com'),(75,'username73','password73',10000,'18002300073','666600073@qq.com'),(76,'username74','password74',10000,'18002300074','666600074@qq.com'),(77,'username75','password75',10000,'18002300075','666600075@qq.com'),(78,'username76','password76',10000,'18002300076','666600076@qq.com'),(79,'username77','password77',10000,'18002300077','666600077@qq.com'),(80,'username78','password78',10000,'18002300078','666600078@qq.com'),(81,'username79','password79',10000,'18002300079','666600079@qq.com'),(82,'username80','password80',10000,'18002300080','666600080@qq.com'),(83,'username81','password81',10000,'18002300081','666600081@qq.com'),(84,'username82','password82',10000,'18002300082','666600082@qq.com'),(85,'username83','password83',10000,'18002300083','666600083@qq.com'),(86,'username84','password84',10000,'18002300084','666600084@qq.com'),(87,'username85','password85',10000,'18002300085','666600085@qq.com'),(88,'username86','password86',10000,'18002300086','666600086@qq.com'),(89,'username87','password87',10000,'18002300087','666600087@qq.com'),(90,'username88','password88',10000,'18002300088','666600088@qq.com'),(91,'username89','password89',10000,'18002300089','666600089@qq.com'),(92,'username90','password90',10000,'18002300090','666600090@qq.com'),(93,'username91','password91',10000,'18002300091','666600091@qq.com'),(94,'username92','password92',10000,'18002300092','666600092@qq.com'),(95,'username93','password93',10000,'18002300093','666600093@qq.com'),(96,'username94','password94',10000,'18002300094','666600094@qq.com'),(97,'username95','password95',10000,'18002300095','666600095@qq.com'),(98,'username96','password96',10000,'18002300096','666600096@qq.com'),(99,'username97','password97',10000,'18002300097','666600097@qq.com'),(100,'username98','password98',10000,'18002300098','666600098@qq.com'),(101,'username99','password99',10000,'18002300099','666600099@qq.com'),(102,'qwer','123456',8954,'13206008791',''),(103,'moni','123456',10000,'13206008790','');
/*!40000 ALTER TABLE `user` ENABLE KEYS */;
UNLOCK TABLES;

--
-- Temporary table structure for view `user_and_sups`
--

DROP TABLE IF EXISTS `user_and_sups`;
/*!50001 DROP VIEW IF EXISTS `user_and_sups`*/;
SET @saved_cs_client     = @@character_set_client;
SET character_set_client = utf8;
/*!50001 CREATE VIEW `user_and_sups` AS SELECT 
 1 AS `user_id`,
 1 AS `project_id`,
 1 AS `project_name`,
 1 AS `target_money`,
 1 AS `current_money`,
 1 AS `state`,
 1 AS `pro_state`,
 1 AS `money`,
 1 AS `date`,
 1 AS `order_id`*/;
SET character_set_client = @saved_cs_client;

--
-- Temporary table structure for view `view_comment`
--

DROP TABLE IF EXISTS `view_comment`;
/*!50001 DROP VIEW IF EXISTS `view_comment`*/;
SET @saved_cs_client     = @@character_set_client;
SET character_set_client = utf8;
/*!50001 CREATE VIEW `view_comment` AS SELECT 
 1 AS `username`,
 1 AS `content`,
 1 AS `time`,
 1 AS `project_id`*/;
SET character_set_client = @saved_cs_client;

--
-- Temporary table structure for view `view_project`
--

DROP TABLE IF EXISTS `view_project`;
/*!50001 DROP VIEW IF EXISTS `view_project`*/;
SET @saved_cs_client     = @@character_set_client;
SET character_set_client = utf8;
/*!50001 CREATE VIEW `view_project` AS SELECT 
 1 AS `id`,
 1 AS `name`,
 1 AS `user_id`,
 1 AS `state`,
 1 AS `type`,
 1 AS `target_money`,
 1 AS `current_money`,
 1 AS `create_time`,
 1 AS `end_time`,
 1 AS `purpose`,
 1 AS `cover_story`,
 1 AS `cover`*/;
SET character_set_client = @saved_cs_client;

--
-- Temporary table structure for view `view_support`
--

DROP TABLE IF EXISTS `view_support`;
/*!50001 DROP VIEW IF EXISTS `view_support`*/;
SET @saved_cs_client     = @@character_set_client;
SET character_set_client = utf8;
/*!50001 CREATE VIEW `view_support` AS SELECT 
 1 AS `username`,
 1 AS `money`,
 1 AS `date`,
 1 AS `project_id`*/;
SET character_set_client = @saved_cs_client;

--
-- Final view structure for view `pro_and_users`
--

/*!50001 DROP VIEW IF EXISTS `pro_and_users`*/;
/*!50001 SET @saved_cs_client          = @@character_set_client */;
/*!50001 SET @saved_cs_results         = @@character_set_results */;
/*!50001 SET @saved_col_connection     = @@collation_connection */;
/*!50001 SET character_set_client      = utf8 */;
/*!50001 SET character_set_results     = utf8 */;
/*!50001 SET collation_connection      = utf8_general_ci */;
/*!50001 CREATE ALGORITHM=UNDEFINED */
/*!50013 DEFINER=`root`@`localhost` SQL SECURITY DEFINER */
/*!50001 VIEW `pro_and_users` AS select `u`.`id` AS `user_id`,`u`.`username` AS `username`,`p`.`id` AS `project_id`,`o`.`money` AS `money`,`o`.`date` AS `date`,`o`.`phone` AS `phone` from ((`user` `u` join `project` `p`) join `order_` `o`) where ((`u`.`id` = `o`.`user_id`) and (`p`.`id` = `o`.`project_id`) and (`o`.`state` = 1)) */;
/*!50001 SET character_set_client      = @saved_cs_client */;
/*!50001 SET character_set_results     = @saved_cs_results */;
/*!50001 SET collation_connection      = @saved_col_connection */;

--
-- Final view structure for view `user_and_sups`
--

/*!50001 DROP VIEW IF EXISTS `user_and_sups`*/;
/*!50001 SET @saved_cs_client          = @@character_set_client */;
/*!50001 SET @saved_cs_results         = @@character_set_results */;
/*!50001 SET @saved_col_connection     = @@collation_connection */;
/*!50001 SET character_set_client      = utf8 */;
/*!50001 SET character_set_results     = utf8 */;
/*!50001 SET collation_connection      = utf8_general_ci */;
/*!50001 CREATE ALGORITHM=UNDEFINED */
/*!50013 DEFINER=`root`@`localhost` SQL SECURITY DEFINER */
/*!50001 VIEW `user_and_sups` AS select `u`.`id` AS `user_id`,`p`.`id` AS `project_id`,`p`.`name` AS `project_name`,`p`.`target_money` AS `target_money`,`p`.`current_money` AS `current_money`,`o`.`state` AS `state`,`p`.`state` AS `pro_state`,`o`.`money` AS `money`,`o`.`date` AS `date`,`o`.`id` AS `order_id` from ((`user` `u` join `project` `p`) join `order_` `o`) where ((`u`.`id` = `o`.`user_id`) and (`p`.`id` = `o`.`project_id`)) */;
/*!50001 SET character_set_client      = @saved_cs_client */;
/*!50001 SET character_set_results     = @saved_cs_results */;
/*!50001 SET collation_connection      = @saved_col_connection */;

--
-- Final view structure for view `view_comment`
--

/*!50001 DROP VIEW IF EXISTS `view_comment`*/;
/*!50001 SET @saved_cs_client          = @@character_set_client */;
/*!50001 SET @saved_cs_results         = @@character_set_results */;
/*!50001 SET @saved_col_connection     = @@collation_connection */;
/*!50001 SET character_set_client      = latin1 */;
/*!50001 SET character_set_results     = latin1 */;
/*!50001 SET collation_connection      = latin1_swedish_ci */;
/*!50001 CREATE ALGORITHM=UNDEFINED */
/*!50013 DEFINER=`root`@`localhost` SQL SECURITY DEFINER */
/*!50001 VIEW `view_comment` AS select `user`.`username` AS `username`,`comment`.`content` AS `content`,`comment`.`time` AS `time`,`comment`.`project_id` AS `project_id` from (`comment` join `user`) where (`user`.`id` = `comment`.`user_id`) */;
/*!50001 SET character_set_client      = @saved_cs_client */;
/*!50001 SET character_set_results     = @saved_cs_results */;
/*!50001 SET collation_connection      = @saved_col_connection */;

--
-- Final view structure for view `view_project`
--

/*!50001 DROP VIEW IF EXISTS `view_project`*/;
/*!50001 SET @saved_cs_client          = @@character_set_client */;
/*!50001 SET @saved_cs_results         = @@character_set_results */;
/*!50001 SET @saved_col_connection     = @@collation_connection */;
/*!50001 SET character_set_client      = latin1 */;
/*!50001 SET character_set_results     = latin1 */;
/*!50001 SET collation_connection      = latin1_swedish_ci */;
/*!50001 CREATE ALGORITHM=UNDEFINED */
/*!50013 DEFINER=`root`@`localhost` SQL SECURITY DEFINER */
/*!50001 VIEW `view_project` AS select `p`.`id` AS `id`,`p`.`name` AS `name`,`p`.`user_id` AS `user_id`,`p`.`state` AS `state`,`p`.`type` AS `type`,`p`.`target_money` AS `target_money`,`p`.`current_money` AS `current_money`,`p`.`create_time` AS `create_time`,`p`.`end_time` AS `end_time`,`pd`.`purpose` AS `purpose`,`pd`.`cover_story` AS `cover_story`,`i`.`name` AS `cover` from ((`project` `p` join `project_detail` `pd`) join `image` `i`) where ((`p`.`id` = `pd`.`id`) and (`i`.`project_id` = `p`.`id`) and (`i`.`type` = 1) and (`p`.`state` <> 100)) */;
/*!50001 SET character_set_client      = @saved_cs_client */;
/*!50001 SET character_set_results     = @saved_cs_results */;
/*!50001 SET collation_connection      = @saved_col_connection */;

--
-- Final view structure for view `view_support`
--

/*!50001 DROP VIEW IF EXISTS `view_support`*/;
/*!50001 SET @saved_cs_client          = @@character_set_client */;
/*!50001 SET @saved_cs_results         = @@character_set_results */;
/*!50001 SET @saved_col_connection     = @@collation_connection */;
/*!50001 SET character_set_client      = latin1 */;
/*!50001 SET character_set_results     = latin1 */;
/*!50001 SET collation_connection      = latin1_swedish_ci */;
/*!50001 CREATE ALGORITHM=UNDEFINED */
/*!50013 DEFINER=`root`@`localhost` SQL SECURITY DEFINER */
/*!50001 VIEW `view_support` AS select `user`.`username` AS `username`,`order_`.`money` AS `money`,`order_`.`date` AS `date`,`order_`.`project_id` AS `project_id` from (`order_` join `user`) where (`user`.`id` = `order_`.`user_id`) */;
/*!50001 SET character_set_client      = @saved_cs_client */;
/*!50001 SET character_set_results     = @saved_cs_results */;
/*!50001 SET collation_connection      = @saved_col_connection */;
/*!40103 SET TIME_ZONE=@OLD_TIME_ZONE */;

/*!40101 SET SQL_MODE=@OLD_SQL_MODE */;
/*!40014 SET FOREIGN_KEY_CHECKS=@OLD_FOREIGN_KEY_CHECKS */;
/*!40014 SET UNIQUE_CHECKS=@OLD_UNIQUE_CHECKS */;
/*!40101 SET CHARACTER_SET_CLIENT=@OLD_CHARACTER_SET_CLIENT */;
/*!40101 SET CHARACTER_SET_RESULTS=@OLD_CHARACTER_SET_RESULTS */;
/*!40101 SET COLLATION_CONNECTION=@OLD_COLLATION_CONNECTION */;
/*!40111 SET SQL_NOTES=@OLD_SQL_NOTES */;

-- Dump completed on 2018-08-03 17:21:03
